,Branch length stretch,Local substitution rate,date,numdate
BIOD00137,0.7979648987811885,0.9636768729150307,-173997976.0,-173987937.5829372
BIOD00357,0.8177921558182518,1.2226408028954023,,-149783813.90234298
BIOD00416,0.8177078276130465,1.2223167262383092,,-147782043.17621616
BIOD00434,0.0,1.0729383131749164,,-147710586.68531814
BIOD00507,0.725006835040416,1.3791762473307203,,-146509502.90135178
BIOD00535,0.9070406299745566,1.37916930821144,,-151181299.71028766
BIOD00690,0.7376456810121546,1.3555218183509978,,-148789278.28668913
BIOD00763,0.8177427727076166,1.2225404712132693,,-148508429.50777858
BIOD01110,0.737647711346971,1.3555460070632783,,-148759983.4789872
BIOD01172,0.6988352825555542,1.430865362720007,,-148153460.6485361
BIOD01226,0.8263148988889496,1.2334257154369417,-173997976.0,-173987937.5829372
BIOD01396,0.7376475306449389,1.3555438987874235,,-150076885.717483
BIOD01611,0.7885118409073008,1.7701332739298248,-173997976.0,-173987937.5829372
BIOD01626,0.7376444465757916,1.3555251202832632,,-148020557.82770592
BIOD01647,0.7376444990869192,1.3555074058515593,,-148413522.73569658
BIOD01900,0.7376466385941318,1.3555332027172866,,-148132019.84549353
BIOD02040,0.8176599640256763,1.2223796592407503,,-147753624.87400904
BIOD02088,0.7376475333714669,1.3555439259305868,,-149327077.24677777
BIOD02252,0.7499821933284124,1.3331447104454306,,-148913486.56204635
BIOD02357,0.7376469954274547,1.3555375387674142,,-147939440.36507702
BIOD02843,0.7250071126646802,1.3791799397266675,,-146830997.6211033
BIOD02991,0.6853019054927945,1.459130068426275,,-146544900.65205923
BIOD03116,0.0,1.0086777314085518,,-165330122.88306203
BIOD03249,0.8177456361859501,1.2225577449038776,,-148536616.99238268
BIOD03426,0.7250071223565449,1.3791801171467744,,-144142454.56431574
BIOD03431,0.7499839601428218,1.3331637821202413,,-149707673.39824954
BIOD03592,0.7499845466664636,1.3331701153510527,,-148657082.32847294
BIOD03628,0.7376463285068775,1.3555295444196267,,-148972012.96921226
BIOD03631,0.8177867562545443,1.2226504039229351,,-148644233.49915904
BIOD03656,0.8177394228017479,1.2225195247929503,,-149201066.76331055
BIOD03661,0.7250071477085163,1.3791804011864324,,-149044549.64369425
BIOD03719,0.0,1.0291640296792837,,-148002707.76954055
BIOD03963,0.0,1.074177043033193,,-148829326.66782466
BIOD04024,0.0,1.1263781906570671,,-146896746.69515973
BIOD04042,0.0,1.074198275629501,,-149309714.34638536
BIOD04341,0.8177859173805903,1.2226071809438546,,-148356199.74801654
BIOD04462,0.8175256913595376,1.221931961673825,,-149568623.16962808
BIOD04479,0.7250065040305187,1.37917183179115,,-148704178.9741114
BIOD04486,0.0,1.1263774619435625,,-148002707.76954055
BIOD04543,0.7499849195167763,1.333174139083459,,-148781960.47437352
BIOD04618,0.826235379221164,1.4589576331787493,-173997976.0,-173987937.5829372
BIOD04710,0.0,1.1110199851147817,,-148923660.40244654
BIOD04759,0.0,1.11848932758403,,-149370445.3510489
BIOD04812,0.0,1.111044591196741,,-149184014.7814
BIOD04957,0.817577284434165,1.2219051802406087,,-149293634.15105358
BIOD05107,0.0,1.0741888526215078,,-149133098.64697623
BIOD05257,0.0,1.0741950685375572,,-145631444.01787248
BIOD05304,0.8176589126952888,1.2219737929462586,,-147562190.21010745
BIOD05449,0.0,1.0740140740898971,,-149503946.37362704
BIOD05453,0.7376465055907085,1.3555316818250507,,-147844064.95574456
BIOD05613,0.81745095432743,1.221525667749799,,-148337862.3200114
BIOD05618,0.0,1.1110308997553655,,-150665811.4999551
BIOD05737,0.8177857700601808,1.2226463866414128,,-148625200.34892222
BIOD05777,0.7499856821032024,1.333182408269412,,-149586191.45937237
BIOD05811,0.7499873933078453,1.3332007158161758,,-150207008.19607916
BIOD05953,0.6281944337676482,1.5917655167778841,,-148039267.98995247
BIOD05980,0.817543285867143,1.2221473972237693,,-148316238.73955163
BIOD05999,0.7250072579357926,1.3791939685152166,,-147751637.45170087
BIOD06009,0.7250067589645306,1.3791752587384283,,-148950049.3210977
BIOD06188,0.7499868305350044,1.3332144015667546,,-147884553.53470352
BIOD06312,0.7250068105764416,1.3791759151418899,,-148651939.88557282
BIOD06712,0.8177855198143642,1.2226453498974816,,-150572186.5191002
BIOD06744,0.7376462751527167,1.355528945145268,,-148642192.00091735
BIOD06843,0.8175695781264879,1.221862960461021,,-148829255.79539683
BIOD06889,0.0,1.1347404508954424,,-147934818.77143958
BIOD06919,0.7499862181912541,1.333188120114459,,-149072270.6527541
BIOD07157,0.8177831485007188,1.2225921647808915,,-150207599.23523372
BIOD07230,0.7975386323402229,1.4780418485916786,-173997976.0,-173987937.5829372
BIOD07329,0.0,1.0740140740898971,,-149503946.37362704
BIOD07387,0.0,1.1347404508954424,,-147934818.77143958
BIOD07400,0.7376449440371442,1.3555130110618825,,-149778859.53822878
BIOD07434,0.7499873956201859,1.3332195880573894,,-147779897.6333226
BIOD07644,0.0,1.0741888526215078,,-149133098.64697623
BIOD07929,0.7376474371306722,1.355556151041079,,-149135722.07433733
BIOD07943,0.8177920745248317,1.2226394240873062,,-149093731.65174457
BIOD07946,0.7499842065675735,1.3331664949153759,,-147948091.71773258
BIOD08076,0.7499840399163525,1.3331886313204573,,-148805596.4438265
BIOD08123,0.7376463636473741,1.3555299686834859,,-148387034.73177025
BIOD08176,0.0,1.1110199851147817,,-148923660.40244654
BIOD08366,0.8176749552125804,1.2220954011994334,,-149187002.05878267
BIOD08442,0.737647238873973,1.355540388190702,,-146632957.4725523
BIOD08448,0.0,1.0291640296792837,,-148002707.76954055
BIOD08478,0.7250074949582793,1.37918504640028,,-149041368.09068388
BIOD08507,0.7499868149042797,1.3331945304998618,,-149627333.15388232
BIOD08523,0.8173697800644598,1.2209130233117724,,-148276353.58322334
BIOD08529,0.0,1.111013992258685,,-148705262.4179169
BIOD08643,0.0,1.1263781718750763,,-149147196.37829557
BIOD08713,0.8177652275349032,1.2227414728338863,,-148773759.36222827
BIOD08747,0.8173368909335089,1.2194453597767227,,-148780529.34837383
BIOD08757,0.0,1.0741048093629884,,-149919956.44217467
BIOD08813,0.8177900473070191,1.222663737448482,,-149273801.40424335
BIOD08960,0.0,1.118506767880135,,-148916935.37748933
BIOD08984,0.0,1.074198275629501,,-149309714.34638536
BIOD09013,0.0,1.111013992258685,,-148705262.4179169
BIOD09050,0.8173417677224573,1.219501427078,,-149870657.83864573
BIOD09232,0.7376455890351169,1.3555207343378122,,-149793633.39691097
BIOD09235,0.0,1.1347415521350979,,-147903016.4525306
BIOD09242,0.8174863040202052,1.2216514883128973,,-149578216.9847025
BIOD09246,0.0,1.0741517496506787,,-149060624.56788087
BIOD09435,0.0,1.11848932758403,,-149370445.3510489
BIOD09840,0.7250065659347967,1.3791726621778797,,-146583735.50442404
BIOD09846,0.0,1.1263781906570671,,-146896746.69515973
BIOD09883,0.6429177729414989,1.5553273644495704,,-144257004.15570846
BIOD10016,0.7376471752391887,1.3555396362069843,,-147350403.06066045
BIOD10088,0.0,1.1263781718750763,,-149147196.37829557
BIOD10094,0.0,1.1263761858401176,,-149391441.37650126
CCCP00107,0.7376444962884675,1.3555076242052932,,-149195140.11196482
CNBPN569-13|Ormiscus_saltator|Anthribidae|Canada|Ontario|BIOUG_BRUCE-NP,0.8177919548696337,1.2226396742616543,,-149651256.5184599
CNGSF2639-15|Trigonorhinus_annulatus|Anthribidae|Canada|Saskatchewan|BIOUG_GRASS-NP,0.8177683267962544,1.222509382370289,,-148486534.17765158
CNRGA149-15|Eurymycter_tricarinatus|Anthribidae|Canada|Ontario|BIOUG_ROUGE-NP,0.0,1.1110038482489952,,-148809170.19017822
CNRGC087-15|Choragus|Anthribidae|Canada|Ontario|BIOUG_ROUGE-NP,0.7499841790857829,1.333166127541093,,-148468409.3102285
CNRGE547-15|Anthribidae|Anthribidae|Canada|Ontario|BIOUG_ROUGE-NP,0.8173911637373426,1.2209091087659847,,-148302903.055745
CNROF620-13|Anthribidae|Anthribidae|Canada|Ontario|BIOUG_ROUGE-NP,0.0,1.074034834361539,,-148732997.70666912
CNROQ416-13|Euparius_paganus|Anthribidae|Canada|Ontario|BIOUG_ROUGE-NP,0.0,1.1110410823281922,,-150171528.6826751
CNSLR035-13|Choragus_sayi|Anthribidae|Canada|Ontario|BIOUG_STLAW-NP,0.0,1.0741771251370793,,-149491712.67789277
CNTIA1531-15|Trigonorhinus_sticticus|Anthribidae|Canada|Ontario|BIOUG_STLAW-NP,0.7376472790991367,1.3555408766089896,,-148399657.7722365
GBDL00313,0.7376469170452402,1.3555365633101557,,-149291701.3417157
GBDL00527,0.0,1.0728004633752277,,-149797277.2646092
GBDL00542,0.749987102838439,1.333197614681647,,-150501794.39185604
GBDL00547,0.7499877298408407,1.33320433746996,,-147696815.40606335
GBDL00652,0.817339807925767,1.220883135282226,,-147953611.84507826
GBDL00699,0.737646255745377,1.3555287007144299,,-147927299.63166562
GBDL00740,0.0,1.0729383131749164,,-147710586.68531814
GBDL00852,0.7376464736344135,1.3555312767269836,,-146967527.70789486
GBDL01063,0.7499821640772094,1.3331443236751108,,-149746506.7167028
GBDL01258,0.8177901370233364,1.2226299393125415,,-149877452.3574455
GBDL01308,0.6988349890934539,1.4308605919485924,,-149115211.36234805
GBDL01312,0.7120701879195895,1.4042565987124815,,-149564069.0777727
GBDL01316,0.0,1.074227311846634,,-150374010.55844936
GBDL01457,0.7499805061578771,1.3331263353697111,,-148384271.71294317
GBDL01513,0.749982891670573,1.333152259080127,,-149971112.34104833
GBDL02889,4.856206678251414e-07,0.9439278846188476,-131997976.0,-131990360.64907339
GBDL02927,4.856206678251414e-07,0.9439278846188476,-131997976.0,-131990360.64907339
GBDL02936,4.856206678251414e-07,0.9439278846188476,-131997976.0,-131990360.64907339
GBDL02964,4.856206678251414e-07,0.9439278846188476,-131997976.0,-131990360.64907339
GBDL02983,4.856206678251414e-07,0.9439278846188476,-131997976.0,-131990360.64907339
GBDL02985,2.0,0.7085506290073772,-131997976.0,-131990360.64910842
GBDL03003,2.0,0.6752981931732039,-131997976.0,-131990360.64910842
GBDL03035,2.0,0.6672730072092286,-131997976.0,-131990360.64910842
GBDL03063,4.856206678251414e-07,0.9439278846188476,-131997976.0,-131990360.64907339
GBDL03068,2.0,0.6672730072092286,-131997976.0,-131990360.64910842
GMAAD1053-16|Anthribidae|Anthribidae|Costa_Rica|Guanacaste|,0.737644871708755,1.3555121715297391,,-148882088.48303556
GMAAN086-16|Anthribidae|Anthribidae|Costa_Rica|Guanacaste|,0.7250073081284576,1.3791825366198402,,-147053524.0427857
GMACB1597-15|Anthribidae|Anthribidae|Costa_Rica|Guanacaste|BIOUG_ACG,0.7376447276671817,1.355510400768802,,-148878100.1393139
GMACN048-15|Anthribidae|Anthribidae|Costa_Rica|Guanacaste|BIOUG_ACG,0.8176749129000381,1.2220956339803157,,-148700816.03278452
GMACO089-15|Anthribidae|Anthribidae|Costa_Rica|Guanacaste|BIOUG_ACG,0.7250067278105488,1.3791877559353216,,-147286757.2632473
GMADV078-16|Anthribidae|Anthribidae|Costa_Rica|Guanacaste|,0.8177171140351635,1.2223801806321437,,-148883289.981293
GMAQA088-17|Anthribidae|Anthribidae|Australia|Queensland|,0.7376455988246977,1.3555208490223103,,-148559432.93101096
GMAQA090-17|Anthribidae|Anthribidae|Australia|Queensland|,0.749986696575832,1.3331932940187234,,-149641676.25391987
GMAQB023-17|Anthribidae|Anthribidae|Australia|Queensland|,0.749983152413327,1.3331550480941423,,-148620932.05378968
GMAQB024-17|Anthribidae|Anthribidae|Australia|Queensland|,0.7376453194151649,1.3555174944588537,,-148999499.5414191
GMAQD041-17|Anthribidae|Anthribidae|Australia|Queensland|,0.7376446980091956,1.3555100577471604,,-148671901.79870686
GMAQD045-17|Anthribidae|Anthribidae|Australia|Queensland|,0.7250065276224433,1.3791721615392036,,-147645729.70760205
GMAQD074-17|Anthribidae|Anthribidae|Australia|Queensland|,0.7499864901384263,1.3331910484740799,,-149526706.386169
GMAQE018-17|Anthribidae|Anthribidae|Australia|Queensland|,0.7250073944609036,1.3791836960894466,,-148798105.5940862
GMAQF015-17|Anthribidae|Anthribidae|Australia|Queensland|,0.7120696771943122,1.4042488856232236,,-148697173.700783
GMAQL610-17|Anthribidae|Anthribidae|Australia|Queensland|,0.7120698451810338,1.4042514087825615,,-147382519.88103995
GMAQL613-17|Anthribidae|Anthribidae|Australia|Queensland|,0.7120699120808993,1.40425237085653,,-146076326.4985349
GMAQL796-17|Anthribidae|Anthribidae|Australia|Queensland|,0.7376474256523303,1.355542609180138,,-148741773.62348315
GMAQQ029-17|Anthribidae|Anthribidae|Australia|Queensland|,0.6988351720736199,1.4308635457757957,,-147426394.23976558
GMAQT022-17|Anthribidae|Anthribidae|Australia|Queensland|,0.7250072482959607,1.3791938543321731,,-146499049.70759085
GMAQT027-17|Anthribidae|Anthribidae|Australia|Queensland|,0.737644888681963,1.3555123380708343,,-148102643.23876026
GMASE056-17|Anthribidae|Anthribidae|Australia|South_Australia|,0.725008218266269,1.3792051849685656,,-147272736.1961462
GMBCA5730-15|Anthribidae|Anthribidae|Bangladesh|Chittagong|BIOUG_BANGLADESH,0.8177159513182584,1.222544214363157,,-148703063.85559005
GMBCB3737-15|Anthribidae|Anthribidae|Bangladesh|Chittagong|BIOUG_BANGLADESH,0.7376459545452297,1.3555251274804365,,-148333707.46937793
GMBCC1766-15|Anthribidae|Anthribidae|Bangladesh|Chittagong|BIOUG_BANGLADESH,0.0,1.1184753037562492,,-148403382.53118372
GMBCC2707-15|Araecerus_fasciculatus|Anthribidae|Bangladesh|Chittagong|BIOUG_BANGLADESH,0.0,1.1184957849340829,,-147801785.0356999
GMBCD2768-15|Anthribidae|Anthribidae|Bangladesh|Chittagong|BIOUG_BANGLADESH,0.8176839554986302,1.2221580347413272,,-149512301.84608132
GMBCD2781-15|Anthribidae|Anthribidae|Bangladesh|Chittagong|BIOUG_BANGLADESH,0.7376447091142246,1.355510176400379,,-149329584.3228359
GMBCF5659-15|Anthribidae|Anthribidae|Bangladesh|Chittagong|BIOUG_BANGLADESH,0.0,1.0741517496506787,,-149060624.56788087
GMBCG252-15|Anthribidae|Anthribidae|Bangladesh|Chittagong|BIOUG_BANGLADESH,0.7499818425720121,1.3331408228261277,,-149602210.74818304
GMBCJ2982-15|Anthribidae|Anthribidae|Bangladesh|Chittagong|BIOUG_BANGLADESH,0.7120699613930369,1.4042531120981085,,-146147188.45027298
GMBCM4224-15|Anthribidae|Anthribidae|Bangladesh|Chittagong|BIOUG_BANGLADESH,0.0,1.0741517496506787,,-149060624.56788087
GMBCN745-15|Anthribidae|Anthribidae|Bangladesh|Chittagong|BIOUG_BANGLADESH,0.8177339689961896,1.2224865829730345,,-148416209.95687342
GMBMI227-17|Dissoleucas_niveirostris|Anthribidae|Belarus|Minskaya_Voblasts|,0.7499874433839765,1.3332012484963522,,-148554481.79819614
GMBMJ002-17|Anthribinae|Anthribidae|Belarus|Minskaya_Voblasts|,0.8173976675549831,1.2201265783973778,,-149676092.05130258
GMBMJ1807-17|Anthribus_nebulosus|Anthribidae|Belarus|Minskaya_Voblasts|,0.0,1.1263745059930712,,-147230366.8668993
GMBUA1443-14|Rhaphitropis_marchicus|Anthribidae|Bulgaria|Sofiya|BIOUG_SOFIYA,0.7376444105180356,1.355506648232105,,-148981180.37746346
GMBUA337-14|Anthribus_nebulosus|Anthribidae|Bulgaria|Sofiya|BIOUG_SOFIYA,0.0,1.1263745059930712,,-147230366.8668993
GMBUB1581-14|Choragus_sheppardi|Anthribidae|Bulgaria|Sofiya|BIOUG_SOFIYA,0.0,1.0741891648249569,,-149713949.16611928
GMCCS214-18|Anthribidae|Anthribidae|Costa_Rica|Guanacaste|,0.6853021185198852,1.4591228534570082,,-145617098.53227308
GMCCV111-18|Anthribidae|Anthribidae|Costa_Rica|Guanacaste|,0.749982104739553,1.333143669212166,,-148144156.999723
GMCCW1515-18|Anthribidae|Anthribidae|Costa_Rica|Guanacaste|,0.7376467782668616,1.3555349053902221,,-147906768.4250921
GMCDF1848-16|Anthribidae|Anthribidae|Costa_Rica|Guanacaste|,0.7120703214940762,1.4042584640256048,,-145814794.0465004
GMCDH1113-16|Anthribidae|Anthribidae|Costa_Rica|Guanacaste|,0.7250077309963059,1.3791881658369638,,-146286305.67810467
GMCDP007-17|Anthribidae|Anthribidae|Costa_Rica|Guanacaste|,0.8177773173801623,1.2225596454862178,,-148466543.81219417
GMCDT1097-17|Anthribidae|Anthribidae|Costa_Rica|Guanacaste|,0.8172239760152,1.218044767246977,,-148785523.83371502
GMCDU1304-17|Anthribidae|Anthribidae|Costa_Rica|Guanacaste|,0.7376441607139288,1.355503641452505,,-149635827.59498096
GMCHC089-14|Anthribidae|Anthribidae|China|Shaanxi|BIOUG_SHAANXI,0.7376459749835665,1.35552532257796,,-148164795.10459483
GMCOO145-15|Anthribidae|Anthribidae|Costa_Rica|Guanacaste|BIOUG_ACG,0.7376442256003771,1.3555043957873423,,-150482793.5612162
GMCRB141-13|Anthribidae|Anthribidae|Costa_Rica|Guanacaste|BIOUG_ACG,0.8177949982661581,1.2226550834753462,,-148966380.92757684
GMCTB131-17|Ormiscus_walshii|Anthribidae|Canada|Ontario|,0.0,1.074147423056479,,-149139561.36872104
GMESO846-14|Anthribidae|Anthribidae|Egypt|Alexandria|BIOUG_ALEXAN_2,0.7499852763420066,1.333177986920318,,-149377676.6767218
GMFIL015-12|Platystomos_albinus|Anthribidae|Finland|Northern_Ostrobothnia|BIOUG_OULU,0.0,1.0728004633752277,,-149797277.2646092
GMFRG787-14|Anthribidae|Anthribidae|United_States|Virginia|BIOUG_FRONTROYAL,0.0,1.111038547992559,,-148357926.52093765
GMGAB093-17|Anthribidae|Anthribidae|Gabon|Moyen-Ogooue|,0.7499829314692507,1.3331526022928144,,-149180105.63223937
GMGAB164-17|Anthribidae|Anthribidae|Gabon|Moyen-Ogooue|,0.7376458875783173,1.3555242893073396,,-149337484.78315657
GMGAB171-17|Anthribidae|Anthribidae|Gabon|Moyen-Ogooue|,0.8177954845916957,1.2227489846435935,,-145746358.47425538
GMGAB249-17|Anthribidae|Anthribidae|Gabon|Moyen-Ogooue|,0.7499805037737863,1.3331556667000608,,-150258156.35197735
GMGAC167-17|Anthribidae|Anthribidae|Gabon|Moyen-Ogooue|,0.7499851933478343,1.333177149787201,,-148213103.67452416
GMGAC201-17|Anthribidae|Anthribidae|Gabon|Moyen-Ogooue|,0.7499859228470303,1.333184980246735,,-148148757.59352773
GMGAD012-17|Anthribidae|Anthribidae|Gabon|Moyen-Ogooue|,0.8177359025236826,1.2224983748987739,,-149642555.32991302
GMGAD200-17|Anthribidae|Anthribidae|Gabon|Moyen-Ogooue|,0.7499838069596717,1.3331864654909158,,-148294996.41355795
GMGAE150-17|Anthribidae|Anthribidae|Gabon|Moyen-Ogooue|,0.8177272887654358,1.2225696332421774,,-149453904.17744032
GMGAG005-17|Anthribidae|Anthribidae|Gabon|Moyen-Ogooue|,0.7376452892822319,1.355517139039395,,-148543793.2135913
GMGAG508-17|Anthribidae|Anthribidae|Gabon|Moyen-Ogooue|,0.7376465450956166,1.355532144751747,,-149356758.5706629
GMGAH029-17|Anthribidae|Anthribidae|Gabon|Moyen-Ogooue|,0.7120704627267466,1.4042698896818557,,-147570504.86068422
GMGAH030-17|Anthribidae|Anthribidae|Gabon|Moyen-Ogooue|,0.8175115154939206,1.2220591449016622,,-148847284.7316952
GMGAH119-17|Anthribidae|Anthribidae|Gabon|Moyen-Ogooue|,0.8174056294925467,1.2210274035331032,,-148866699.98548672
GMGAH1218-17|Anthribidae|Anthribidae|Gabon|Moyen-Ogooue|,0.749981804795357,1.333140408307698,,-149250483.97671762
GMGAH1259-17|Anthribidae|Anthribidae|Gabon|Moyen-Ogooue|,0.7376462778119466,1.3555289752013688,,-147266255.5901997
GMGAI003-17|Anthribidae|Anthribidae|Gabon|Moyen-Ogooue|,0.7376446020833998,1.3555267445961476,,-149105345.65322244
GMGAI070-17|Anthribidae|Anthribidae|Gabon|Moyen-Ogooue|,0.7376454298849688,1.3555188605164827,,-149119611.85505432
GMGAK147-17|Anthribidae|Anthribidae|Gabon|Moyen-Ogooue|,0.7499876795643328,1.3332037926813074,,-148825219.7458368
GMGAM037-17|Anthribidae|Anthribidae|Gabon|Moyen-Ogooue|,0.8175676716257084,1.2222134090238144,,-149417880.60146633
GMGAO006-17|Anthribidae|Anthribidae|Gabon|Moyen-Ogooue|,0.0,1.0737669077553973,,-147748704.39779752
GMGAO516-17|Anthribidae|Anthribidae|Gabon|Moyen-Ogooue|,0.7376462068297784,1.3555281205244853,,-148588636.47028026
GMGAO585-17|Anthribidae|Anthribidae|Gabon|Moyen-Ogooue|,0.7250075359347388,1.3791855953952699,,-147033835.58632722
GMGAP029-17|Anthribidae|Anthribidae|Gabon|Moyen-Ogooue|,0.0,1.0737669077553973,,-147748704.39779752
GMGAQ007-17|Anthribidae|Anthribidae|Gabon|Moyen-Ogooue|,0.7376467526112275,1.3555342697261898,,-148574564.58653355
GMGAQ011-17|Anthribidae|Anthribidae|Gabon|Moyen-Ogooue|,0.7499841216286143,1.3331655279542574,,-148872567.16828018
GMGAQ025-17|Anthribidae|Anthribidae|Gabon|Moyen-Ogooue|,0.6853018155018054,1.4591252677714228,,-145224980.51066175
GMGAT028-17|Anthribidae|Anthribidae|Gabon|Moyen-Ogooue|,0.7499847025727758,1.3331718030716366,,-149495456.69550663
GMGBA014-17|Anthribidae|Anthribidae|Gabon|Moyen-Ogooue|,0.6988348658171627,1.4308671410186125,,-145539458.52438793
GMGBA038-17|Anthribidae|Anthribidae|Gabon|Moyen-Ogooue|,0.0,1.134745622313047,,-147863886.0453639
GMGBA061-17|Anthribidae|Anthribidae|Gabon|Moyen-Ogooue|,0.8173928242782376,1.220080321270996,,-145576204.92353332
GMGGB027-17|Anthribidae|Anthribidae|Gabon|Moyen-Ogooue|,0.8173913756396254,1.2209110012406263,,-149128963.8933899
GMGGB995-17|Anthribidae|Anthribidae|Gabon|Moyen-Ogooue|,0.0,1.0741946595280747,,-149965184.95615077
GMGGC048-17|Anthribidae|Anthribidae|Gabon|Moyen-Ogooue|,0.8174002376609275,1.2201622161630719,,-149908962.22796303
GMGGC553-17|Anthribidae|Anthribidae|Gabon|Moyen-Ogooue|,0.7499873569935418,1.3332003733964857,,-148350321.27514997
GMGGE331-17|Epicerastes|Anthribidae|Gabon|Moyen-Ogooue|,0.6853018031307735,1.4591170154303708,,-147654738.31667858
GMGGF596-17|Anthribidae|Anthribidae|Gabon|Moyen-Ogooue|,0.8177459390247299,1.2226560614154065,,-148375283.77595633
GMGGL699-17|Anthribidae|Anthribidae|Gabon|Moyen-Ogooue|,0.7499840299483616,1.333164545362206,,-148599300.67686796
GMGGM714-17|Anthribidae|Anthribidae|Gabon|Moyen-Ogooue|,0.8177928772733093,1.2227466056434177,,-145866422.59592268
GMGGX050-17|Anthribidae|Anthribidae|Gabon|Moyen-Ogooue|,0.8177587839926479,1.2227133676388735,,-148302018.79563934
GMGMH1558-14|Anthribus_albinus|Anthribidae|Germany|Rhineland-Palatinate|BIOUG_GERMANY,0.0,1.073855654104498,,-149731969.8279677
GMGSE575-12|Anthribidae|Anthribidae|United_States|Tennessee|BIOUG_GSM-NP,0.0,1.074034834361539,,-148732997.70666912
GMGSF214-12|Anthribidae|Anthribidae|United_States|Tennessee|BIOUG_GSM-NP,0.8175847973751021,1.221403250541153,,-149390736.9018202
GMGSK109-12|Anthribidae|Anthribidae|United_States|Tennessee|BIOUG_GSM-NP,0.0,1.1110038482489952,,-148809170.19017822
GMGSM654-13|Ormiscus_walshii|Anthribidae|United_States|Tennessee|BIOUG_GSM-NP,0.0,1.074147423056479,,-149139561.36872104
GMGSN257-13|Anthribidae|Anthribidae|United_States|Tennessee|BIOUG_GSM-NP,0.737646786363289,1.3555350098393413,,-148653208.10911465
GMHDE261-13|Anthribidae|Anthribidae|Honduras|Cortes|BIOUG_CUSU-NP_2,0.7376477204901065,1.3555461245160478,,-148085447.20177904
GMHDL1110-13|Anthribidae|Anthribidae|Honduras|Cortes|BIOUG_CUSU-NP_2,0.7250078701832456,1.379190000835874,,-149599927.0249313
GMHDL1119-13|Anthribidae|Anthribidae|Honduras|Cortes|BIOUG_CUSU-NP_2,0.7499846833820301,1.3331715610109236,,-149180741.9172771
GMHDM025-13|Anthribidae|Anthribidae|Honduras|Cortes|BIOUG_CUSU-NP_2,0.8177710420474646,1.2225245169587857,,-148471159.4717482
GMHGE320-13|Anthribidae|Anthribidae|Honduras|Cortes|BIOUG_CUSU-NP_1,0.8177789330403303,1.2226181992438936,,-147423434.5840134
GMHGJ478-13|Anthribidae|Anthribidae|Honduras|Cortes|BIOUG_CUSU-NP_2,0.0,1.11103879363561,,-148048408.82167938
GMHGL133-13|Anthribidae|Anthribidae|Honduras|Cortes|BIOUG_CUSU-NP_2,0.8177916356369174,1.222637702132111,,-148269938.6896893
GMHJC017-14|Anthribidae|Anthribidae|Honduras|Cortes|,0.8177791286855334,1.2225699210915244,,-149465244.00431785
GMHJO355-15|Anthribidae|Anthribidae|Honduras|Cortes|,0.7499844519769393,1.3331690962074103,,-148047932.1610331
GMHKB151-15|Anthribidae|Anthribidae|Honduras|Cortes|,0.8177856879844722,1.2226058465922849,,-149378921.93362343
GMHLF471-15|Anthribidae|Anthribidae|Honduras|Cortes|,0.8177331727426271,1.2224807273572724,,-148859346.0909377
GMHLJ195-15|Anthribidae|Anthribidae|Honduras|Cortes|,0.8177859327422794,1.2226064090098685,,-148443700.01606414
GMHMI293-15|Anthribidae|Anthribidae|Honduras|Cortes|,0.8177563609774736,1.2226216092820916,,-149229924.16459948
GMHMJ211-15|Anthribidae|Anthribidae|Honduras|Cortes|,0.8177912422568256,1.2226685805288122,,-146513860.21775976
GMHMK045-16|Anthribidae|Anthribidae|Honduras|Cortes|,0.0,1.0732868061530267,,-149203352.68294525
GMHMN917-16|Anthribidae|Anthribidae|Honduras|Cortes|,0.7376468409253489,1.355535682819899,,-148659315.90260255
GMHMS1203-16|Anthribidae|Anthribidae|Honduras|Cortes|,0.7376456044454212,1.3555209218277073,,-147311948.44429168
GMHMT347-16|Anthribidae|Anthribidae|Honduras|Cortes|,0.0,1.0740958134203256,,-149352188.15449348
GMKMF540-15|Anthribidae|Anthribidae|Kenya|Laikipia|BIOUG_KENYA2,0.8177858750040813,1.2226069891769689,,-149689682.6412891
GMKMT1016-15|Anthribidae|Anthribidae|Kenya|Laikipia|BIOUG_KENYA2,0.737644938422653,1.355512945486421,,-150241813.60887712
GMKMX1580-15|Anthribidae|Anthribidae|Kenya|Laikipia|BIOUG_KENYA2,0.7376446170022691,1.3555090817001432,,-148461754.40964416
GMKMX1585-15|Anthribidae|Anthribidae|Kenya|Laikipia|BIOUG_KENYA2,0.8177740245444772,1.2225976830645837,,-148293149.88161555
GMMBA208-16|Anthribidae|Anthribidae|Malaysia|Selangor|,0.7499845453393653,1.333170073626479,,-149518125.82479015
GMMBC046-16|Anthribidae|Anthribidae|Malaysia|Selangor|,0.8177890318926092,1.2226240495368565,,-148915136.2435907
GMMBC072-16|Anthribidae|Anthribidae|Malaysia|Selangor|,0.0,1.1184906777271386,,-148935427.7424961
GMMBD256-16|Anthribidae|Anthribidae|Malaysia|Selangor|,0.749986381732506,1.3331899026735439,,-148027470.8270752
GMMBD275-16|Anthribidae|Anthribidae|Malaysia|Selangor|,0.8177742641628393,1.2225429273505297,,-148468635.03587884
GMMBE045-16|Anthribidae|Anthribidae|Malaysia|Selangor|,0.0,1.118495815126871,,-148328743.42906108
GMMBF173-16|Anthribidae|Anthribidae|Malaysia|Selangor|,0.8177808676841175,1.2225794974979585,,-149444437.13287246
GMMBG005-16|Anthribidae|Anthribidae|Malaysia|Selangor|,0.7376451710123857,1.3555326634321472,,-147913216.0836805
GMMBG027-16|Anthribidae|Anthribidae|Malaysia|Selangor|,0.7499814721971512,1.3331367990424707,,-150173060.41936722
GMMBG031-16|Anthribidae|Anthribidae|Malaysia|Selangor|,0.8177831543293644,1.222592101856846,,-147277736.21923482
GMMBL115-16|Anthribidae|Anthribidae|Malaysia|Selangor|,0.7376444711353776,1.3555073683508017,,-149483361.30258915
GMMBM108-16|Anthribidae|Anthribidae|Malaysia|Selangor|,0.737646153254655,1.3555274648115494,,-148683365.65828413
GMMBM113-16|Anthribidae|Anthribidae|Malaysia|Selangor|,0.7499834549115124,1.3331583274674432,,-149335782.22062835
GMMBN154-16|Anthribidae|Anthribidae|Malaysia|Selangor|,0.737644869059843,1.3555120991138656,,-149068271.26348603
GMMBO310-16|Anthribidae|Anthribidae|Malaysia|Selangor|,0.6988349800205718,1.4308603373828708,,-146952959.03895447
GMMBR181-16|Anthribidae|Anthribidae|Malaysia|Selangor|,0.8177862342452017,1.2226088548198812,,-149356674.81393746
GMMBS050-17|Anthribidae|Anthribidae|Malaysia|Selangor|,0.8177775374493396,1.2225611289151226,,-149457306.7316992
GMMBS362-17|Anthribidae|Anthribidae|Malaysia|Selangor|,0.7499864561985324,1.3331906747634428,,-147872138.86983326
GMMBS380-17|Anthribidae|Anthribidae|Malaysia|Selangor|,0.7376466395006388,1.3555332721797302,,-148259287.2061215
GMMBS393-17|Anthribidae|Anthribidae|Malaysia|Selangor|,0.8177944997036616,1.2226934589272167,,-147577563.43255368
GMMBS401-17|Anthribidae|Anthribidae|Malaysia|Selangor|,0.8177950797794318,1.222655909573998,,-148968725.00764123
GMMBU079-17|Anthribidae|Anthribidae|Malaysia|Selangor|,0.7376476874599722,1.3555457149860832,,-149330477.1056168
GMMBU097-17|Anthribidae|Anthribidae|Malaysia|Selangor|,0.712069755876357,1.4042500544783922,,-147931585.17733768
GMMBX012-17|Anthribidae|Anthribidae|Malaysia|Selangor|,0.7376449661759329,1.3555132539243513,,-149182669.45604455
GMMBX085-17|Anthribidae|Anthribidae|Malaysia|Selangor|,0.7499876375051701,1.3332033620068822,,-149875248.10768366
GMMBX090-17|Anthribidae|Anthribidae|Malaysia|Selangor|,0.7250078338822598,1.3791895195805037,,-147978172.5904141
GMMBX104-17|Anthribidae|Anthribidae|Malaysia|Selangor|,0.8174909366883674,1.2210935791788333,,-148874364.33997616
GMMBY037-17|Anthribidae|Anthribidae|Malaysia|Selangor|,0.7499832003156472,1.33315556363901,,-149147333.24007615
GMMBY059-17|Anthribidae|Anthribidae|Malaysia|Selangor|,0.7499821780956779,1.3331444753013304,,-149980656.2948276
GMMBZ1709-17|Anthribidae|Anthribidae|Malaysia|Selangor|,0.817214660138155,1.2179211615899972,,-148907359.39850318
GMMBZ1742-17|Anthribidae|Anthribidae|Malaysia|Selangor|,0.7376440431826352,1.3555022412822186,,-149030390.4644603
GMMCR1120-15|Anthribidae|Anthribidae|Mexico|Jalisco|BIOUG_CHAMELA,0.7499814806340559,1.3331368781772546,,-149438051.11152402
GMMDA501-15|Anthribidae|Anthribidae|Madagascar|Toamasina|BIOUG_MADAGASACAR,0.7250067734015417,1.3791754258604527,,-149806664.61926126
GMMDD2647-15|Anthribidae|Anthribidae|Madagascar|Toamasina|BIOUG_MADAGASACAR,0.7499821313916772,1.3331439663286422,,-149705080.6224661
GMMDD3005-15|Anthribidae|Anthribidae|Madagascar|Toamasina|BIOUG_MADAGASACAR,0.7376471065448291,1.35553882149531,,-147524991.88616502
GMMDF1278-15|Anthribidae|Anthribidae|Madagascar|Toamasina|BIOUG_MADAGASACAR,0.7250074089819243,1.3791838843537056,,-148446240.16193563
GMMDF153-15|Anthribidae|Anthribidae|Madagascar|Toamasina|BIOUG_MADAGASACAR,0.8175842159069698,1.2217830411248025,,-148786649.445553
GMMDF156-15|Anthribidae|Anthribidae|Madagascar|Toamasina|BIOUG_MADAGASACAR,0.7499859116865698,1.3331848086763198,,-150043532.92549887
GMMDG917-15|Anthribidae|Anthribidae|Madagascar|Toamasina|BIOUG_MADAGASACAR,0.7376448634986803,1.3555120837904446,,-149299835.01018703
GMMDH142-15|Anthribidae|Anthribidae|Madagascar|Toamasina|BIOUG_MADAGASACAR,0.0,1.074188344543436,,-148683418.0855039
GMMDM117-15|Anthribidae|Anthribidae|Madagascar|Toamasina|BIOUG_MADAGASACAR,0.749984476739115,1.3331694183892477,,-149528110.4599939
GMMDN1429-15|Anthribidae|Anthribidae|Madagascar|Toamasina|BIOUG_MADAGASACAR,0.8177930312048959,1.2226454489240568,,-148324417.26487893
GMMDN1444-15|Anthribidae|Anthribidae|Madagascar|Toamasina|BIOUG_MADAGASACAR,0.7499839353800541,1.3331635453830608,,-149221271.64328253
GMMDN2472-15|Anthribidae|Anthribidae|Madagascar|Toamasina|BIOUG_MADAGASACAR,0.7376458273125325,1.3555236023795885,,-148952142.43756053
GMMDN2556-15|Anthribidae|Anthribidae|Madagascar|Toamasina|BIOUG_MADAGASACAR,0.7250068269835273,1.3791761370944084,,-147925644.18984267
GMMDN2587-15|Anthribidae|Anthribidae|Madagascar|Toamasina|BIOUG_MADAGASACAR,0.7499842426844567,1.3331668423082297,,-148964007.09441322
GMMGA271-14|Anthribidae|Anthribidae|Malaysia|Selangor|BIOUG_GOMBAK,0.7376455184055069,1.3555198893620402,,-148483841.6996099
GMMGA316-14|Anthribidae|Anthribidae|Malaysia|Selangor|BIOUG_GOMBAK,0.7250078297608661,1.3791894903771533,,-148619189.44415432
GMMGB082-14|Anthribidae|Anthribidae|Malaysia|Selangor|BIOUG_GOMBAK,0.7499858157113338,1.3331837612544992,,-149146000.1809162
GMMGB087-14|Anthribidae|Anthribidae|Malaysia|Selangor|BIOUG_GOMBAK,0.8177928271344638,1.2226443185382412,,-148467675.09619477
GMMGB088-14|Anthribidae|Anthribidae|Malaysia|Selangor|BIOUG_GOMBAK,0.7499864745901963,1.3331909309963537,,-149439697.98508656
GMMGB090-14|Anthribidae|Anthribidae|Malaysia|Selangor|BIOUG_GOMBAK,0.8177955287682191,1.2226857202792352,,-147921610.83937725
GMMGB139-14|Anthribidae|Anthribidae|Malaysia|Selangor|BIOUG_GOMBAK,0.7499863224066309,1.3331892484531433,,-148678127.76493928
GMMGD1735-14|Anthribidae|Anthribidae|Malaysia|Selangor|BIOUG_GOMBAK,0.6853017449398179,1.4591159156693398,,-148148114.49435854
GMMGD1773-14|Anthribidae|Anthribidae|Malaysia|Selangor|BIOUG_GOMBAK,0.8177850500107782,1.2226434298189297,,-149701166.9689454
GMMGD1782-14|Anthribidae|Anthribidae|Malaysia|Selangor|BIOUG_GOMBAK,0.7376458299108044,1.3555236179148156,,-149524604.46112397
GMMGD2061-14|Anthribidae|Anthribidae|Malaysia|Selangor|BIOUG_GOMBAK,0.7376471887566308,1.3555397645474074,,-147819008.73081958
GMMGD3834-14|Anthribidae|Anthribidae|Malaysia|Selangor|BIOUG_GOMBAK,0.7499853854208494,1.3331791268211495,,-150165391.21191758
GMMGD4514-14|Anthribidae|Anthribidae|Malaysia|Selangor|BIOUG_GOMBAK,0.7499826613935116,1.333149719894978,,-149183792.60305822
GMMGE376-14|Anthribidae|Anthribidae|Malaysia|Selangor|BIOUG_GOMBAK,0.7499861060906687,1.333186966128843,,-150290809.6134863
GMMGF006-14|Anthribidae|Anthribidae|Malaysia|Selangor|BIOUG_GOMBAK,0.8177831096250321,1.2225919163134622,,-148003190.91596097
GMMGF490-14|Anthribidae|Anthribidae|Malaysia|Selangor|BIOUG_GOMBAK,0.8176770297500454,1.2223180999933243,,-149190615.78886595
GMMGF499-14|Anthribidae|Anthribidae|Malaysia|Selangor|BIOUG_GOMBAK,0.7499855345496628,1.3331807786175542,,-149226630.138729
GMMGH064-14|Anthribidae|Anthribidae|Malaysia|Selangor|BIOUG_GOMBAK,0.0,1.1110185846612326,,-148914809.66427347
GMMGH065-14|Anthribidae|Anthribidae|Malaysia|Selangor|BIOUG_GOMBAK,0.7499874656125953,1.3332014983897003,,-148220367.66294256
GMMGI699-14|Anthribidae|Anthribidae|Malaysia|Selangor|BIOUG_GOMBAK,0.7499865499929101,1.3331916697137962,,-149997398.4165897
GMMGI922-14|Anthribidae|Anthribidae|Malaysia|Selangor|BIOUG_GOMBAK,0.7499805124131862,1.3331263347722466,,-148154851.88658136
GMMGJ082-14|Anthribidae|Anthribidae|Malaysia|Selangor|BIOUG_GOMBAK,0.7376464619747414,1.3555311329644006,,-149421671.81152838
GMMGK001-14|Anthribidae|Anthribidae|Malaysia|Selangor|BIOUG_GOMBAK,0.0,1.1184753037562492,,-148403382.53118372
GMMGL151-14|Anthribidae|Anthribidae|Malaysia|Selangor|BIOUG_GOMBAK,0.7376462181693361,1.355528262520168,,-149196623.4720982
GMMGL154-14|Anthribidae|Anthribidae|Malaysia|Selangor|BIOUG_GOMBAK,0.7499819110019199,1.3331415726708076,,-149029486.7532597
GMMGL379-14|Anthribidae|Anthribidae|Malaysia|Selangor|BIOUG_GOMBAK,0.7499842048464573,1.3331664160462653,,-149743986.45985204
GMMGL404-14|Anthribidae|Anthribidae|Malaysia|Selangor|BIOUG_GOMBAK,0.7250065019799021,1.3791878080878477,,-146980680.24126703
GMMGN1004-14|Anthribidae|Anthribidae|Malaysia|Selangor|BIOUG_GOMBAK,0.817771950171933,1.222529907262731,,-147451927.1715337
GMMGN1014-14|Anthribidae|Anthribidae|Malaysia|Selangor|BIOUG_GOMBAK,0.6988348237774253,1.4308577457127654,,-148701940.55026042
GMMGN1046-14|Anthribidae|Anthribidae|Malaysia|Selangor|BIOUG_GOMBAK,0.7376469029378685,1.355536386051107,,-147781749.03514355
GMMGN1407-14|Anthribidae|Anthribidae|Malaysia|Selangor|BIOUG_GOMBAK,0.7120699930119337,1.4042535900596242,,-146872304.21093652
GMMGN1434-14|Anthribidae|Anthribidae|Malaysia|Selangor|BIOUG_GOMBAK,0.7499857304584098,1.333204258249786,,-147643410.95363554
GMMGN1741-14|Anthribidae|Anthribidae|Malaysia|Selangor|BIOUG_GOMBAK,0.7376461090822084,1.3555269311990945,,-148861265.4698477
GMMGN2912-14|Anthribidae|Anthribidae|Malaysia|Selangor|BIOUG_GOMBAK,0.7250079521559416,1.3791911188389105,,-146916605.23145866
GMMGN4435-14|Anthribidae|Anthribidae|Malaysia|Selangor|BIOUG_GOMBAK,0.8177891669196973,1.222624616825312,,-150747736.96847358
GMMGO002-14|Anthribidae|Anthribidae|Malaysia|Selangor|BIOUG_GOMBAK,0.7376463190296868,1.35552944559233,,-148310676.65837204
GMMGO025-14|Anthribidae|Anthribidae|Malaysia|Selangor|BIOUG_GOMBAK,0.7250067195633549,1.3791747022653211,,-148593184.15661556
GMMGP021-14|Anthribidae|Anthribidae|Malaysia|Selangor|BIOUG_GOMBAK,0.7376461133849257,1.3555269794950664,,-148723041.491965
GMMGQ159-14|Anthribidae|Anthribidae|Malaysia|Selangor|BIOUG_GOMBAK,0.7376474201653516,1.3555425734880628,,-147913580.25471056
GMMGQ173-14|Anthribidae|Anthribidae|Malaysia|Selangor|BIOUG_GOMBAK,0.7120705474698903,1.4042618310439632,,-146404372.40682095
GMMGQ183-14|Anthribidae|Anthribidae|Malaysia|Selangor|BIOUG_GOMBAK,0.725007371405967,1.3791833847051134,,-148071734.8111666
GMMGQ187-14|Anthribidae|Anthribidae|Malaysia|Selangor|BIOUG_GOMBAK,0.7499848625291307,1.3332008414167813,,-147878956.30285126
GMMGR014-14|Anthribidae|Anthribidae|Malaysia|Selangor|BIOUG_GOMBAK,0.8174433763468294,1.2206031083150275,,-148797504.89061075
GMMGS065-14|Anthribidae|Anthribidae|Malaysia|Selangor|BIOUG_GOMBAK,0.8177946704866534,1.2226541326329365,,-148818351.61553523
GMMGT069-14|Anthribidae|Anthribidae|Malaysia|Selangor|BIOUG_GOMBAK,0.7250073687790718,1.379183263831267,,-149284845.21481806
GMMGT095-14|Anthribidae|Anthribidae|Malaysia|Selangor|BIOUG_GOMBAK,0.8177744824237548,1.2225441056038693,,-149438120.95517942
GMMGT098-14|Anthribidae|Anthribidae|Malaysia|Selangor|BIOUG_GOMBAK,0.7499807101246749,1.3331697318402826,,-147607830.32407382
GMMGT105-14|Anthribidae|Anthribidae|Malaysia|Selangor|BIOUG_GOMBAK,0.7376464234627793,1.3555306807760776,,-149396317.42083952
GMMGT112-14|Anthribidae|Anthribidae|Malaysia|Selangor|BIOUG_GOMBAK,0.737647146115997,1.3555393029212752,,-149711261.28567556
GMMGT1597-14|Anthribidae|Anthribidae|Malaysia|Selangor|BIOUG_GOMBAK,0.7376457010862758,1.3555220636882201,,-148332389.34597275
GMMGT1598-14|Anthribidae|Anthribidae|Malaysia|Selangor|BIOUG_GOMBAK,0.7376443588406865,1.3555059883851877,,-149679468.42341635
GMMGT1607-14|Anthribidae|Anthribidae|Malaysia|Selangor|BIOUG_GOMBAK,0.7376470745056137,1.355552401529053,,-148340882.95553055
GMMGT2519-14|Anthribidae|Anthribidae|Malaysia|Selangor|BIOUG_GOMBAK,0.7250077647568371,1.379188610170692,,-148216937.34895095
GMMGT2823-14|Anthribidae|Anthribidae|Malaysia|Selangor|BIOUG_GOMBAK,0.817787908813958,1.2226179762084763,,-149436647.90915018
GMMGT971-14|Anthribidae|Anthribidae|Malaysia|Selangor|BIOUG_GOMBAK,0.7376440696623492,1.3555024684928714,,-150657744.5293578
GMMNI468-18|Anthribidae|Anthribidae|Malaysia|Negeri_Sembilan|,0.8173569244972618,1.2196766714470522,,-149009700.1296699
GMMNP043-18|Anthribidae|Anthribidae|Malaysia|Negeri_Sembilan|,0.8176538503120506,1.2221930034713344,,-149621504.42317834
GMMNP243-18|Anthribidae|Anthribidae|Malaysia|Negeri_Sembilan|,0.8175845132720894,1.2214000860614471,,-149587831.1470606
GMMNR045-18|Araecerus_fasciculatus|Anthribidae|Malaysia|Negeri_Sembilan|,0.817401347368309,1.2211585725689325,,-147745412.04677868
GMMSD678-18|Anthribidae|Anthribidae|Malaysia|Perak|,0.0,1.11102800893614,,-149358254.50742835
GMNGA026-16|Anthribidae|Anthribidae|Papua_New_Guinea|Madang|,0.7499822720957877,1.3331454877795894,,-148766736.21979403
GMNGB142-16|Anthribidae|Anthribidae|Papua_New_Guinea|Madang|,0.7499840271740944,1.333164507223451,,-147741000.16315192
GMNGB146-16|Anthribidae|Anthribidae|Papua_New_Guinea|Madang|,0.7376468592852163,1.3555358602769,,-147795494.62536225
GMNGC085-16|Anthribidae|Anthribidae|Papua_New_Guinea|Madang|,0.8177943945847929,1.2226812125465518,,-148181400.8407318
GMNGC125-16|Anthribidae|Anthribidae|Papua_New_Guinea|Madang|,0.7250071028240642,1.3791798066464136,,-149357011.92884585
GMNGC126-16|Anthribidae|Anthribidae|Papua_New_Guinea|Madang|,0.737644884468728,1.3555123123116617,,-149206862.56995034
GMNGC128-16|Anthribidae|Anthribidae|Papua_New_Guinea|Madang|,0.7499872071479213,1.3331987288106626,,-148371144.67388973
GMNGD007-16|Anthribidae|Anthribidae|Papua_New_Guinea|Madang|,0.0,1.11103334380918,,-147621506.25724337
GMNGD056-16|Anthribidae|Anthribidae|Papua_New_Guinea|Madang|,0.7376451079875223,1.3555320008627822,,-148710879.60199943
GMNGD071-16|Anthribidae|Anthribidae|Papua_New_Guinea|Madang|,0.7499876380949589,1.3332033373872623,,-150054322.92623433
GMNGE134-16|Anthribidae|Anthribidae|Papua_New_Guinea|Madang|,0.6988346164653069,1.4308542925543601,,-146598410.981514
GMNGF113-16|Anthribidae|Anthribidae|Papua_New_Guinea|Madang|,0.7120700871137999,1.404255003303366,,-146462932.26297995
GMNGF472-16|Anthribidae|Anthribidae|Papua_New_Guinea|Madang|,0.7250077659351082,1.3791999010434632,,-148677515.29503164
GMNGG142-16|Anthribidae|Anthribidae|Papua_New_Guinea|Madang|,0.7376449111679578,1.355512602050146,,-148903056.89153486
GMNGG154-16|Anthribidae|Anthribidae|Papua_New_Guinea|Madang|,0.7250074985884036,1.3791850700217574,,-146477277.90127218
GMNGG627-16|Anthribidae|Anthribidae|Papua_New_Guinea|Madang|,0.8177902568198372,1.2226306276064993,,-149761385.58063707
GMNGH501-16|Anthribidae|Anthribidae|Papua_New_Guinea|Madang|,0.7376453863668085,1.35551831809966,,-149362339.2786288
GMNGH529-16|Anthribidae|Anthribidae|Papua_New_Guinea|Madang|,0.7376450170299157,1.3555138771601258,,-150089799.45889312
GMNGI116-16|Anthribidae|Anthribidae|Papua_New_Guinea|Madang|,0.7250077902045168,1.3791889650848446,,-147472993.77638322
GMNGJ093-16|Anthribidae|Anthribidae|Papua_New_Guinea|Madang|,0.7499810003656332,1.3331316460050162,,-149556376.38157222
GMNGJ140-16|Anthribidae|Anthribidae|Papua_New_Guinea|Madang|,0.7376451653942944,1.355515652065459,,-147896961.20213324
GMNGL030-16|Anthribidae|Anthribidae|Papua_New_Guinea|Madang|,0.7376462523564008,1.3555286465757628,,-149312040.35708442
GMNGO028-16|Anthribidae|Anthribidae|Papua_New_Guinea|Madang|,0.7499828809999324,1.3331521152500945,,-148748088.5081909
GMNGP142-16|Anthribidae|Anthribidae|Papua_New_Guinea|Madang|,0.7499817846892949,1.3331401156349965,,-148882409.97638503
GMNGR007-16|Anthribidae|Anthribidae|Papua_New_Guinea|Madang|,0.7499876253508879,1.3332032409028391,,-148502993.57107157
GMNGR649-16|Anthribidae|Anthribidae|Papua_New_Guinea|Madang|,0.0,1.11103334380918,,-147621506.25724337
GMNGU331-16|Anthribidae|Anthribidae|Papua_New_Guinea|Madang|,0.7376470133569335,1.355537714637256,,-149387784.64904654
GMNGU349-16|Anthribidae|Anthribidae|Papua_New_Guinea|Madang|,0.8177924877567742,1.2226425729760042,,-149933221.25141272
GMNGW025-16|Anthribidae|Anthribidae|Papua_New_Guinea|Madang|,0.8177915616063262,1.2226375741112274,,-148863250.16201705
GMNGW026-16|Anthribidae|Anthribidae|Papua_New_Guinea|Madang|,0.7250072273134975,1.3791814714298944,,-147490386.1727283
GMNGW044-16|Anthribidae|Anthribidae|Papua_New_Guinea|Madang|,0.7499834408643526,1.3331581817593783,,-148709169.19413292
GMNGX057-16|Anthribidae|Anthribidae|Papua_New_Guinea|Madang|,0.8177938904906622,1.2226500363911323,,-150108367.97373208
GMNGY528-16|Anthribidae|Anthribidae|Papua_New_Guinea|Madang|,0.7499844149720075,1.3331687020720664,,-149369238.20455727
GMNGY554-16|Anthribidae|Anthribidae|Papua_New_Guinea|Madang|,0.7376446697124749,1.3555097496653656,,-149717311.00571877
GMNGY838-16|Anthribidae|Anthribidae|Papua_New_Guinea|Madang|,0.8177806667136099,1.2225784453046857,,-149862843.17442077
GMNGZ038-16|Anthribidae|Anthribidae|Papua_New_Guinea|Madang|,0.7499809710597554,1.3331313206540478,,-149476152.24800244
GMNGZ093-16|Anthribidae|Anthribidae|Papua_New_Guinea|Madang|,0.7376467579461474,1.3555346929977805,,-148558959.03557846
GMNGZ108-16|Anthribidae|Anthribidae|Papua_New_Guinea|Madang|,0.8177924945794861,1.222673612408947,,-147949521.6756631
GMNZL649-14|Anthribidae|Anthribidae|New_Zealand|Waikato|BIOUG_NZ,0.7376468423589748,1.3555357094640292,,-148312831.53298172
GMNZO694-14|Anthribidae|Anthribidae|New_Zealand|Waikato|BIOUG_NZ,0.7250082672507546,1.3791952836734078,,-148347502.91072747
GMNZQ014-14|Anthribidae|Anthribidae|New_Zealand|Waikato|BIOUG_NZ,0.0,1.0742045382843428,,-148926182.07766286
GMNZU289-14|Anthribidae|Anthribidae|New_Zealand|Waikato|BIOUG_NZ,0.6988348010620348,1.4308573735010457,,-147252763.298569
GMNZW128-14|Anthribidae|Anthribidae|New_Zealand|Waikato|BIOUG_NZ,0.8177926064155018,1.2226740425947304,,-148501825.93081614
GMNZW157-14|Anthribidae|Anthribidae|New_Zealand|Waikato|BIOUG_NZ,0.7376471517610502,1.3555393625851728,,-149434572.8666178
GMNZW159-14|Anthribidae|Anthribidae|New_Zealand|Waikato|BIOUG_NZ,0.7250067772051131,1.3791754766655844,,-149308035.17765555
GMPAC004-18|Anthribidae|Anthribidae|Panama|Panama|,0.8177875125127803,1.222615633363934,,-148182799.13434088
GMPMC980-18|Anthribidae|Anthribidae|Philippines|Northern_Mindanao|,0.8173939448170839,1.2211016953558558,,-148880042.18380606
GMPMI001-18|Anthribidae|Anthribidae|Philippines|Northern_Mindanao|,0.749984239266978,1.3331668647566197,,-149646336.77517915
GMPRI297-16|Anthribidae|Anthribidae|Puerto_Rico|Mayaguez|,0.7120702201780622,1.4042569674781795,,-147223813.52696976
GMSAQ685-13|Anthribidae|Anthribidae|South_Africa|Gauteng|BIOUG_MAGAL,0.7376465678628068,1.3555324084088447,,-147845300.32870653
GMSAR1595-13|Anthribidae|Anthribidae|South_Africa|Gauteng|BIOUG_MAGAL,0.7499875701681593,1.3332026259534375,,-149399965.1538698
GMTKD056-18|Anthribidae|Anthribidae|Thailand|Trang|,0.0,1.0732496704410333,,-148860226.31877866
GMTKG240-18|Anthribidae|Anthribidae|Thailand|Trang|,0.7376440670074489,1.3555024844061176,,-148217615.95546383
HPPPE1409-13|Anthribidae|Anthribidae|Canada|Nova_Scotia|BIOUG_HALIFAX,0.8016134344383841,1.1264437157443679,,-149550891.77838787
JCCCB040-16|Anthribidae|Anthribidae|Costa_Rica|Guanacaste|,0.8177639261018406,1.2226654868320725,,-148581708.32691148
JCCCB482-16|Anthribidae|Anthribidae|Costa_Rica|Guanacaste|,0.712069658548273,1.4042486166807697,,-148858949.5421365
JCCCC1372-16|Anthribidae|Anthribidae|Costa_Rica|Guanacaste|,0.7499816320861018,1.3331384957634016,,-149594947.63016605
JCCCC1513-16|Anthribidae|Anthribidae|Costa_Rica|Guanacaste|,0.7376455817894844,1.3555207026700535,,-149458600.98145148
JCCCF583-16|Anthribidae|Anthribidae|Costa_Rica|Guanacaste|,0.7376440181353515,1.3555019144000153,,-149791364.54482806
JCCCH008-16|Anthribidae|Anthribidae|Costa_Rica|Guanacaste|,0.7499822813139189,1.3331456275114764,,-149088278.04701865
JCCCH166-16|Anthribidae|Anthribidae|Costa_Rica|Guanacaste|,0.7499815207789349,1.3331372943061337,,-149142717.72845775
JCCCN078-16|Anthribidae|Anthribidae|Costa_Rica|Guanacaste|,0.7499819928901305,1.3331425274471007,,-149590038.89379
JCCCN1047-16|Anthribidae|Anthribidae|Costa_Rica|Guanacaste|,0.7499815278930088,1.3331652550648083,,-149103348.44933674
JIAAI003-16|Anthribidae|Anthribidae|Costa_Rica|Guanacaste|,0.8177951872707934,1.2226568811114775,,-148030161.79104787
JIAAJ082-16|Anthribidae|Anthribidae|Costa_Rica|Guanacaste|,0.8177156841799388,1.222514015496324,,-147816659.04102278
JIAAL032-16|Anthribidae|Anthribidae|Costa_Rica|Guanacaste|,0.7120704826447889,1.4042608574361977,,-148689725.769991
JIAAN028-16|Anthribidae|Anthribidae|Costa_Rica|Guanacaste|,0.7499801930789034,1.33315274900515,,-147544591.5156203
JIAAO147-16|Anthribidae|Anthribidae|Costa_Rica|Guanacaste|,0.7250077628300265,1.3791886079131745,,-148372241.88946936
JIAAQ036-16|Anthribidae|Anthribidae|Costa_Rica|Guanacaste|,0.8177951035910559,1.2226564296847948,,-146847021.34185475
JIBBS046-16|Anthribidae|Anthribidae|Costa_Rica|Guanacaste|,0.7250076925990019,1.3791876616442358,,-147498518.25552392
JICAC023-16|Anthribidae|Anthribidae|Costa_Rica|Guanacaste|,0.8177938269350935,1.2226848670450567,,-148353692.96855563
JICAE136-16|Anthribidae|Anthribidae|Costa_Rica|Guanacaste|,0.8177951768449957,1.222656790611072,,-148638015.86161813
JICBD119-16|Anthribidae|Anthribidae|Costa_Rica|Guanacaste|,0.7499808532484346,1.333158945710763,,-146692483.8292666
JICBD200-16|Anthribidae|Anthribidae|Costa_Rica|Guanacaste|,0.7376443576368173,1.3555059799581508,,-147687263.56218472
JICBF133-16|Anthribidae|Anthribidae|Costa_Rica|Guanacaste|,0.8176714882610917,1.2222888087849548,,-148839037.06024292
JICBG040-16|Anthribidae|Anthribidae|Costa_Rica|Guanacaste|,0.712070279915554,1.4042674759764167,,-144693081.74408212
JICBH123-16|Anthribidae|Anthribidae|Costa_Rica|Guanacaste|,0.8176271031437385,1.2220416105798286,,-148876776.24588296
JICBI170-16|Anthribidae|Anthribidae|Costa_Rica|Guanacaste|,0.8177940816304947,1.222651013396635,,-148171765.3261973
JICBO135-16|Anthribidae|Anthribidae|Costa_Rica|Guanacaste|,0.7376460313939692,1.3555260104009421,,-147563038.556492
JICCA1745-16|Anthribidae|Anthribidae|Costa_Rica|Guanacaste|,0.737644423139174,1.3555068363820875,,-149636593.74896452
JICCB1240-16|Anthribidae|Anthribidae|Costa_Rica|Guanacaste|,0.7499844463163804,1.3331690931440323,,-149092382.55021864
JICCD785-16|Anthribidae|Anthribidae|Costa_Rica|Guanacaste|,0.737645422114701,1.3555187238112247,,-146152408.50493392
JICCG485-16|Anthribidae|Anthribidae|Costa_Rica|Guanacaste|,0.737644881468115,1.3555122513325,,-147554726.21930388
JICCR145-16|Anthribidae|Anthribidae|Costa_Rica|Guanacaste|,0.0,1.0742097356741545,,-147773909.33298698
JICCR535-16|Anthribidae|Anthribidae|Costa_Rica|Guanacaste|,0.7376462706606745,1.3555288060009958,,-149163900.76740274
JICCY723-16|Anthribidae|Anthribidae|Costa_Rica|Guanacaste|,0.8177774536660947,1.2225606701639626,,-148429187.46237302
JICDA062-16|Anthribidae|Anthribidae|Costa_Rica|Guanacaste|,0.7250080833992018,1.3792036132541097,,-147983965.91438705
JICDH020-16|Anthribidae|Anthribidae|Costa_Rica|Guanacaste|,0.7376464443576697,1.355530924911842,,-149164941.79365903
JICEF035-16|Anthribidae|Anthribidae|Costa_Rica|Guanacaste|,0.7499857946612437,1.3331835685284,,-147606227.66313994
JICFF026-16|Anthribidae|Anthribidae|Costa_Rica|Guanacaste|,0.8175752598108081,1.2213163892402947,,-147900091.66795284
JIEEB024-16|Anthribidae|Anthribidae|Costa_Rica|Guanacaste|,0.7376467741287577,1.3555348984913358,,-149646291.59988213
JIEEC086-16|Anthribidae|Anthribidae|Costa_Rica|Guanacaste|,0.7376457893669074,1.355523135935749,,-148896851.18502092
JIEEJ011-16|Anthribidae|Anthribidae|Costa_Rica|Guanacaste|,0.7499803760498565,1.3331544782943794,,-146427328.95512655
JIEEM020-16|Anthribidae|Anthribidae|Costa_Rica|Guanacaste|,0.7499838452558716,1.33316256717909,,-148631206.14296484
JIEEO081-16|Anthribidae|Anthribidae|Costa_Rica|Guanacaste|,0.7376447907177369,1.3555286913397866,,-148988719.96292013
JIEEO083-16|Anthribidae|Anthribidae|Costa_Rica|Guanacaste|,0.8177935960901147,1.2226780143237224,,-148413917.66918552
JIEES017-16|Anthribidae|Anthribidae|Costa_Rica|Guanacaste|,0.8177930484130451,1.2226453420769512,,-148072850.90140924
JIEEW021-16|Anthribidae|Anthribidae|Costa_Rica|Guanacaste|,0.6988350022528904,1.4308607084982923,,-147695819.08634546
JIEEY057-16|Anthribidae|Anthribidae|Costa_Rica|Guanacaste|,0.7120698098987174,1.4042508672715612,,-149250871.43679678
JIFFJ162-16|Anthribidae|Anthribidae|Costa_Rica|Guanacaste|,0.8176943545744604,1.2224078998343992,,-149151929.04812098
JIFFL237-16|Anthribidae|Anthribidae|Costa_Rica|Guanacaste|,0.8177836027361467,1.222594567347571,,-148785049.74291506
JIFFM047-16|Anthribidae|Anthribidae|Costa_Rica|Guanacaste|,0.7376476973774597,1.3555455825998923,,-149292026.264564
JIFFO028-16|Anthribidae|Anthribidae|Costa_Rica|Guanacaste|,0.8177715563421846,1.2225872073425534,,-148021339.20285732
MAMTP1860-13|Anthribidae|Anthribidae|Pakistan|Islamabad|BIOUG_RAWAL,0.7376473890300944,1.3555421689073173,,-146509330.05796552
MBIOD1079-13|Trigonorhinus_alternatus|Anthribidae|Canada|Ontario|BIOUG_BIOINST,0.0,1.0742049658702202,,-148970124.86369464
NODE_0000000,0.7838950665902846,1.2124515759764194,,-174621251.10409975
NODE_0000001,0.8644437655436406,1.243371368850127,,-175827976.60021064
NODE_0000002,0.9711192823233687,1.0065663905751596,,-176759587.22940972
NODE_0000003,0.8715213791126986,1.2053051376354431,,-175534547.78888345
NODE_0000004,1.0107707944881232,1.0260331942256553,,-165330122.88306203
NODE_0000005,1.0119006128258823,1.0150605495998464,,-154477047.4871808
NODE_0000006,0.9621253368932865,1.0358845446848257,,-131994583.716738
NODE_0000007,0.0,0.9574369819470814,,-131994583.716738
NODE_0000010,2.0,0.8317836537670821,,-131990360.64910842
NODE_0000016,0.7250046055223964,1.3554762394120732,,-152683396.9652198
NODE_0000017,0.7250073537724726,1.3791892565452364,,-150234085.99099317
NODE_0000018,0.8177072810996564,1.2228825035744035,,-150020123.8660507
NODE_0000019,0.8176464222401849,1.223968659125716,,-152545883.13987154
NODE_0000023,0.8177881562549281,1.2226719896138092,,-151727209.08672
NODE_0000024,0.8177499262760036,1.2227826707850942,,-151376736.13062084
NODE_0000025,0.7499852553812656,1.3331870186240562,,-150040275.1580976
NODE_0000027,0.8177924451983286,1.222717841717126,,-151582889.60419017
NODE_0000028,0.7499860378534278,1.3331232469845757,,-150171528.6826751
NODE_0000030,0.8177272273980478,1.2224466435712544,,-152284255.98503023
NODE_0000031,0.8177272584142378,1.2226792691937676,,-152022538.1710109
NODE_0000032,0.8176937306933547,1.2222279416959299,,-151832141.90504706
NODE_0000033,0.8177372454656774,1.2227927963319867,,-151537555.15152395
NODE_0000034,0.8177935947750055,1.2227199739627332,,-150526803.96714416
NODE_0000037,0.8177676993486609,1.2226618672713083,,-151354734.35208085
NODE_0000038,0.8177522162760257,1.2226838790869115,,-151469236.2430752
NODE_0000039,0.8177838793676608,1.2226473148155903,,-150757002.50899988
NODE_0000041,0.8177121439534442,1.222627535338765,,-151798630.63656038
NODE_0000042,0.8174236700993905,1.2215006653538607,,-151739054.84784475
NODE_0000043,0.8177532126684863,1.2227053932479024,,-151370459.9536172
NODE_0000045,0.8177824708905678,1.2226863892416537,,-150687470.06112432
NODE_0000046,0.8177650093581685,1.2227402600708126,,-150917861.92146406
NODE_0000047,0.7499829029934414,1.3331007623477467,,-149765289.06505024
NODE_0000048,0.8175110271527238,1.221825369275328,,-149688683.37470302
NODE_0000049,0.8176288882003228,1.2224083627025917,,-150793183.83499777
NODE_0000050,0.7376459971957059,1.3555203036404053,,-148916935.37748933
NODE_0000053,0.8177930870624024,1.2226820943714516,,-151295168.5639901
NODE_0000054,0.8177590853809467,1.2226372722484238,,-150889048.8468554
NODE_0000055,0.8177875026043036,1.2226534621839482,,-150088655.9148374
NODE_0000056,0.8177790707679862,1.2225696680286047,,-149467258.6278168
NODE_0000057,0.8177496236743129,1.2226906996703295,,-149118365.10781524
NODE_0000058,0.8176990246237924,1.2222572096502318,,-149268301.11513034
NODE_0000059,0.8174561741193582,1.21986041845908,,-149203352.68294525
NODE_0000060,0.8176347873780364,1.22180326667969,,-149139580.64243165
NODE_0000061,0.8176667186680298,1.2220375949772921,,-148983463.08778787
NODE_0000062,0.8177294635432133,1.2224588243628904,,-150620720.4468142
NODE_0000063,0.8177610329255388,1.2227229405883917,,-150200410.69954735
NODE_0000064,0.8177903033666772,1.222664566312749,,-149315333.5732496
NODE_0000065,0.8176102296838564,1.2216141951345254,,-149201920.97824356
NODE_0000066,0.8176513299501479,1.221926021546224,,-149060327.1540901
NODE_0000067,0.8177766405866672,1.2226192705782108,,-150036950.47657025
NODE_0000068,0.8177790332649548,1.2226677522114693,,-149416170.6732535
NODE_0000069,0.7499855928016005,1.33311638090683,,-148048408.82167938
NODE_0000070,0.7499856540395712,1.3331386366799496,,-148042570.2046117
NODE_0000071,0.8173020397917348,1.220159221461841,,-147997078.7371092
NODE_0000072,0.8177164579666965,1.2223763334263458,,-152050718.4144841
NODE_0000073,0.8177229717045192,1.2225755922584227,,-151800962.0394596
NODE_0000074,0.8177967040869624,1.2226903761314303,,-150633630.24936387
NODE_0000075,0.8177708177568405,1.2225841917495475,,-150123826.9900407
NODE_0000076,0.8177509252868715,1.2227150121110952,,-151694928.03143507
NODE_0000077,0.7250076442078943,1.3791345156252286,,-149147196.37829557
NODE_0000079,0.8177955919133587,1.222718429262506,,-150588883.94824386
NODE_0000080,0.8176874753880415,1.222374608446678,,-151513744.16185933
NODE_0000081,0.8177330112576607,1.222760123404925,,-151234049.91454434
NODE_0000083,0.8177843397679657,1.2226405934525166,,-150511706.23424295
NODE_0000084,0.7499818156197996,1.3330857282421111,,-150150399.17156342
NODE_0000085,0.8177151108686795,1.2223144280889646,,-149919956.44217467
NODE_0000087,0.8177553729776099,1.2227146037046055,,-151132180.12875393
NODE_0000089,0.8177333562428019,1.2225983737598691,,-150851329.07446155
NODE_0000090,0.8177921680803636,1.222748309152804,,-149899180.57136613
NODE_0000093,0.8177826631837561,1.222777724476996,,-151597415.90154433
NODE_0000094,0.7250079839731658,1.3791604768963737,,-148924013.0181144
NODE_0000096,0.8177247398685711,1.2225575477380197,,-152029700.81851307
NODE_0000098,0.8177905714865494,1.2227430956575251,,-151135567.3552239
NODE_0000100,0.8177770392848127,1.2226208747360665,,-150545939.80427086
NODE_0000101,0.8177781552179952,1.2226252450385338,,-149939274.2362388
NODE_0000102,0.8177949654312876,1.222740687291647,,-148865001.1428223
NODE_0000104,0.8177920041756874,1.2226715066212914,,-148993425.95533034
NODE_0000105,0.8177268151991487,1.2221045030846163,,-148732997.70666912
NODE_0000106,0.8177365263071402,1.222501400366136,,-151737754.27321517
NODE_0000108,0.817784944215484,1.2226511940143454,,-151001693.48939162
NODE_0000109,0.7376469315013309,1.3554720331814154,,-148935427.7424961
NODE_0000111,0.817692926305823,1.222221054654651,,-150812534.01101133
NODE_0000112,0.8177916964816047,1.2226703003608739,,-149878290.57347217
NODE_0000113,0.8177858701263426,1.222606846742917,,-150054420.48763326
NODE_0000114,0.8177372950870521,1.2226866451725982,,-149759649.79974598
NODE_0000115,0.8176969805642577,1.2222367923724937,,-151542192.05253315
NODE_0000116,0.8177470521742306,1.222566177062457,,-151206167.25955647
NODE_0000117,0.8177410857166585,1.2228617530715684,,-150896632.73335868
NODE_0000119,0.8177059784782982,1.222498913069074,,-150994720.98183408
NODE_0000120,0.817749799946474,1.2226731924802798,,-150644909.1408671
NODE_0000121,0.7499832102542798,1.333105189215693,,-149471243.137413
NODE_0000122,0.8177737904363293,1.222613614853028,,-148926182.07766286
NODE_0000123,0.8166983456634436,1.214288782605306,,-151521270.94378272
NODE_0000124,0.7499817809499322,1.3331164075654462,,-150439682.37959173
NODE_0000125,0.81775226319423,1.222591634383368,,-151158101.32959858
NODE_0000126,0.8177942304297298,1.2227093054421334,,-150118851.65526447
NODE_0000127,0.8177650106345402,1.2227541724132922,,-150705492.13702965
NODE_0000128,0.8177695782535656,1.222579103662093,,-150209078.11769855
NODE_0000129,0.8177513446911084,1.2226801157298797,,-149851006.98203433
NODE_0000130,0.8177884093251591,1.222620728660157,,-149025028.89114228
NODE_0000131,0.8176463215735755,1.2218913800063709,,-151600321.67753628
NODE_0000132,0.8177854676534669,1.2226617626814484,,-150851954.25507373
NODE_0000133,0.8177153380062328,1.222541337071296,,-150620995.45824966
NODE_0000134,0.8175435837282545,1.2220558421135508,,-150535257.17360646
NODE_0000135,0.8177351299361667,1.22262899311351,,-150248304.21922818
NODE_0000137,0.8177203862802667,1.222564167436326,,-150608897.7862441
NODE_0000138,0.8177787895775441,1.2226175626274958,,-149992100.57131875
NODE_0000139,0.7499817082701011,1.3330557539836976,,-148914809.66427347
NODE_0000140,0.8173877337176607,1.2197490113230995,,-148860226.31877866
NODE_0000141,0.8177065036187748,1.222500116199351,,-151387868.30885804
NODE_0000142,0.8177700859563901,1.2225934340828297,,-150886055.9906467
NODE_0000143,0.8177241288604594,1.2224218285009971,,-150633179.80994108
NODE_0000144,0.8170772330868168,1.2191811405457393,,-150601525.58068615
NODE_0000145,0.8177878150933438,1.2226539023574483,,-149792495.99519956
NODE_0000147,0.8177863671020588,1.2226870628610143,,-149831021.55201992
NODE_0000148,0.7499807158957206,1.3330115447469852,,-148809170.19017822
NODE_0000149,0.7499824957805016,1.333041976776055,,-148705262.4179169
NODE_0000150,0.8177068213526605,1.2223134608381083,,-150420112.43443593
NODE_0000151,0.8175428579636493,1.2220492322647203,,-150334601.39538878
NODE_0000152,0.817769247995572,1.222590016488848,,-149841637.02848276
NODE_0000153,0.8177867762315899,1.2224552489520355,,-149060624.56788087
NODE_0000156,0.8177510629246677,1.2226787814102467,,-150063576.7758156
NODE_0000157,0.7499832464835029,1.3331529966256594,,-148887372.68077472
NODE_0000158,0.8177461556895337,1.2225609887367601,,-149731818.00665933
NODE_0000159,0.8177610767077722,1.2226488309469077,,-149311177.85226005
NODE_0000160,0.8177794528984017,1.2225650336303076,,-148683418.0855039
NODE_0000161,0.8177347980003762,1.2224919686743094,,-149446027.06869408
NODE_0000163,0.8177331008964289,1.222596988435159,,-149166033.16119078
NODE_0000164,0.8177665942783061,1.2226806230039489,,-148699139.46524078
NODE_0000165,0.8177617226898273,1.222725933583135,,-149020450.8652692
NODE_0000166,0.8177943725092378,1.222652550493822,,-147974610.1671164
NODE_0000167,0.7499859139349166,1.3331000314275394,,-147621506.25724337
NODE_0000169,0.817618054267866,1.2216786956771253,,-152428003.8377893
NODE_0000170,0.8176985272183134,1.2224995601377147,,-152229883.3488206
NODE_0000172,0.8177956295085633,1.2226861052790086,,-151121872.81346163
NODE_0000173,0.8177723433602432,1.2226150990699094,,-150594564.26862794
NODE_0000175,0.8177433119535352,1.222663945323128,,-150275648.7793942
NODE_0000176,0.8176505723389604,1.2222284187971832,,-150134700.51831466
NODE_0000177,0.817795760746932,1.22270373673831,,-149019770.28839755
NODE_0000178,0.8177088950155404,1.2226171356747213,,-150377400.80119073
NODE_0000180,0.8177768500146554,1.2227078251388803,,-149790568.54956928
NODE_0000181,0.8177336915817333,1.222737408891652,,-150095416.07816023
NODE_0000183,0.8176615004490394,1.2222842376151515,,-149944546.0110395
NODE_0000184,0.8176608398604808,1.2225631155048065,,-149794315.19367886
NODE_0000186,0.8177086140301966,1.222797036748853,,-149577715.9537157
NODE_0000188,0.8177866208690286,1.2227211682072205,,-148800727.53927624
NODE_0000189,0.8176830007202962,1.2226731291910762,,-152054760.8940636
NODE_0000190,0.7499854917768637,1.333203379036581,,-150696523.32636106
NODE_0000192,0.8177887031380278,1.2226223502575773,,-151220137.6655444
NODE_0000193,0.8177613355289296,1.222813184583161,,-150797533.62956837
NODE_0000194,0.8177739910586235,1.2225415283636991,,-150672520.61674637
NODE_0000195,0.817785987798635,1.2226473305494379,,-149911509.45370606
NODE_0000196,0.8174196121946192,1.2223830443573138,,-149852542.65629354
NODE_0000197,0.8177406178322717,1.2226525418483507,,-150364887.92586413
NODE_0000198,0.8177210301554273,1.2224052031353185,,-150120196.74469388
NODE_0000199,0.8177872334929978,1.2226523087651222,,-149327095.1530855
NODE_0000200,0.817774685713036,1.2226116319933695,,-148770439.7493418
NODE_0000201,0.8176665826668853,1.222263170795955,,-149964220.5818184
NODE_0000202,0.8176191102213103,1.2224366216731677,,-149845711.4009565
NODE_0000203,0.817753665571223,1.2226905014934641,,-149474471.1225509
NODE_0000204,0.8177698958466074,1.2226678792375536,,-148974693.89643562
NODE_0000206,0.7376468306706766,1.355487354802249,,-147801785.0356999
NODE_0000207,0.8176146324228892,1.221647518167729,,-152312120.46000198
NODE_0000208,0.8175138913553559,1.2219568843621365,,-152234790.08294263
NODE_0000209,0.8177370335848391,1.2226368748271417,,-151940986.14457506
NODE_0000210,0.8177157426235024,1.222820114234814,,-151709102.28947374
NODE_0000212,0.8176721017264347,1.2220771467192177,,-151779058.67157337
NODE_0000213,0.8177829522830606,1.2227066344792785,,-151086347.711559
NODE_0000214,0.7120705650324974,1.4042246564052936,,-147903016.4525306
NODE_0000215,0.8176885325805406,1.2221904181735435,,-151596380.9481768
NODE_0000216,0.8177780375812664,1.222614491997137,,-150991557.73781914
NODE_0000217,0.8177563242837201,1.2228162446622841,,-150603988.69604304
NODE_0000218,0.8177468330560244,1.2225631175464715,,-151977148.46390676
NODE_0000219,0.8177712503107496,1.2225861629586015,,-151462501.1022058
NODE_0000220,0.8177477818208425,1.2227578232499041,,-151122922.36854148
NODE_0000221,0.8175903323693298,1.2214565428255317,,-151873703.81915382
NODE_0000222,0.8177127982567125,1.222498994998536,,-151648387.11236194
NODE_0000223,0.8177408143980636,1.222653898787722,,-151339958.28356814
NODE_0000224,0.8177502585091868,1.2228631906335503,,-150987734.67906156
NODE_0000226,0.8176835457562689,1.2225876609482984,,-151472548.12474644
NODE_0000227,0.7499809869443868,1.33313731066557,,-150436128.95350343
NODE_0000228,0.7499817181726257,1.3330840268084194,,-149358254.50742835
NODE_0000230,0.8176902827698336,1.222203644069876,,-151287342.4287092
NODE_0000231,0.8177724800427603,1.2226727685490524,,-150758406.68760163
NODE_0000232,0.8177566147144977,1.2227196815156258,,-150897902.2366449
NODE_0000233,0.817735046863364,1.222489126696019,,-151587042.56546333
NODE_0000235,0.8172550527216982,1.2199953723121943,,-151545358.76997143
NODE_0000236,0.8177850053320548,1.2227005682139767,,-150807881.97417602
NODE_0000237,0.8177756710166594,1.2226156040691758,,-151017043.1243061
NODE_0000238,0.8177622855576325,1.2227429812118922,,-150587070.54507187
NODE_0000239,0.8177689740055735,1.2225124339236253,,-150096931.91638598
NODE_0000240,0.8173316689353657,1.2206320136428916,,-150048660.190738
NODE_0000242,0.8177446676482113,1.2226704177490082,,-150262158.62840518
NODE_0000243,0.8177504453380402,1.2227660025655542,,-149908942.85599276
NODE_0000244,0.7499836184914933,1.333110952253773,,-148706027.72296515
NODE_0000245,0.8176374812514419,1.2218254553238042,,-151456387.65594232
NODE_0000246,0.8177726860316733,1.2226034560536783,,-150924980.57102084
NODE_0000247,0.8177068966928159,1.2225718990157297,,-150711767.08313352
NODE_0000248,0.8177710687366818,1.222525152377549,,-150199164.3061443
NODE_0000249,0.8177551230747543,1.2227137045344678,,-149819147.02074873
NODE_0000250,0.8177759454765003,1.2226700407506488,,-149245315.8663214
NODE_0000251,0.8177675914214987,1.2225703350189097,,-149722804.41121006
NODE_0000252,0.7499855623600473,1.3331156439776775,,-148357926.52093765
NODE_0000253,0.8177439940398393,1.2225471873067872,,-151134483.12602046
NODE_0000254,0.8177879982263441,1.222692472679587,,-150320304.8914213
NODE_0000256,0.8177117060424823,1.2225253555898836,,-150911508.91604844
NODE_0000257,0.8177479265846227,1.2227960981188222,,-150571216.1161551
NODE_0000258,0.8177147879043399,1.2225699384146491,,-150904770.22921225
NODE_0000260,0.8177582548173474,1.2227268716024768,,-150504414.811403
NODE_0000261,0.8177624363913782,1.2227593783081356,,-150073248.64573005
NODE_0000262,0.8177959858726004,1.222659863827997,,-148946244.93817025
NODE_0000263,0.8177722391862093,1.2225314862961347,,-150378695.16232055
NODE_0000264,0.817781529437832,1.2225674944748703,,-149713949.16611928
NODE_0000265,0.8176966123539665,1.2222455545099606,,-150183732.28042823
NODE_0000266,0.817774370013013,1.2226770790403478,,-149631221.25122932
NODE_0000267,0.8177829184933763,1.2225313754112377,,-149491712.67789277
NODE_0000270,0.8177841954091594,1.2227602996426783,,-151826740.18960622
NODE_0000272,0.7499830260470828,1.3330926992660965,,-150665811.4999551
NODE_0000274,0.7250079573346256,1.3791323858306874,,-148002707.76954055
NODE_0000276,0.0,1.0874920890378508,,-148002707.76954055
NODE_0000278,0.8177394325264968,1.2227321975803045,,-150362893.80346265
NODE_0000279,0.7499806732789147,1.3330989541496396,,-149343295.7550852
NODE_0000280,0.817784715843818,1.2226421409066617,,-149632076.39374402
NODE_0000281,0.7499819646704913,1.3331149597700815,,-148539469.739598
NODE_0000282,0.8177831113729701,1.2226443160683595,,-148936091.70757812
NODE_0000283,0.8177966151554164,1.2226292070224636,,-147773909.33298698
NODE_0000284,0.8174469199993923,1.2188149395247494,,-147710586.68531814
NODE_0000286,0.8177788397535971,1.2225690440228538,,-151928270.07964054
NODE_0000288,0.817791928096232,1.2227031047857775,,-150985317.921797
NODE_0000289,0.8177685685324336,1.2225745845223046,,-151442254.27246073
NODE_0000290,0.8177812023577691,1.2226737589136296,,-150783620.5598953
NODE_0000291,0.749981547589303,1.3330818705084582,,-149715710.76772958
NODE_0000292,0.8177061448974566,1.2220422222696916,,-149503946.37362704
NODE_0000294,0.8177678965453014,1.2225059543815937,,-151448936.3730688
NODE_0000295,0.8177249834294412,1.2225845728316902,,-151193705.69611707
NODE_0000296,0.8177906226380529,1.2227063862929375,,-150297823.38650727
NODE_0000297,0.7499857551411022,1.3331706913660035,,-148914473.73273847
NODE_0000298,0.8174015699040047,1.2202035569755934,,-151392533.15485576
NODE_0000299,0.8177673998916016,1.2225684612347993,,-150918021.18097544
NODE_0000300,0.7499859857026933,1.333164605800809,,-149511912.38715196
NODE_0000301,0.8177766928481496,1.2226718072883946,,-150333490.03336924
NODE_0000302,0.8177825938428394,1.2225882701965367,,-150707086.44410187
NODE_0000303,0.8177865371286085,1.2226494912023695,,-149932249.8401014
NODE_0000304,0.8177842302217203,1.2225981879103558,,-149987174.2262046
NODE_0000305,0.8177639127850389,1.222835001243355,,-149543965.34689176
NODE_0000306,0.8177633556665095,1.222733245524421,,-149548587.87690163
NODE_0000307,0.8177503650893564,1.222784008346658,,-149195798.95476854
NODE_0000308,0.81768012098261,1.2225050646596762,,-152374451.6600192
NODE_0000312,0.7499812800778417,1.3331121856205184,,-151321802.88952836
NODE_0000313,0.8177916068685699,1.2226907577288244,,-151443534.67257145
NODE_0000314,0.8177954480209976,1.2226906903753954,,-150344952.9673962
NODE_0000315,0.8176177672816742,1.2216752170655183,,-150227243.69806787
NODE_0000316,0.8177938732847008,1.2226910548968053,,-149204200.72581792
NODE_0000317,0.8177857222100111,1.2226540235082086,,-149472741.41147903
NODE_0000318,0.817751197463182,1.2225908762306625,,-149115474.23560968
NODE_0000319,0.8177910286277655,1.2227448492817,,-151464442.29844636
NODE_0000320,0.628194507510276,1.5917046065830938,,-146846827.20630264
NODE_0000322,0.8177453903432779,1.2230183245630495,,-146518625.63947454
NODE_0000323,0.8177903661600909,1.2225852056126714,,-145631444.01787248
NODE_0000324,0.8177898728961858,1.2226630875381586,,-150593527.69269374
NODE_0000325,0.8177260048191853,1.2225892750066698,,-150335424.73804402
NODE_0000326,0.8177904438961751,1.2227199739573498,,-149445623.91961163
NODE_0000327,0.7250076474563769,1.3791345719712016,,-146896746.69515973
NODE_0000329,0.8177753667957044,1.2226575907689492,,-148879812.33063474
NODE_0000330,0.7499863942238867,1.3331696311522223,,-147431483.5288142
NODE_0000332,0.7499829852720622,1.3331696975773406,,-147721665.8166832
NODE_0000333,0.8177921556879294,1.2226786105720018,,-147928143.10346565
NODE_0000334,0.8176541269679726,1.221949024940691,,-152230422.40024325
NODE_0000335,0.8177931993373295,1.222712452491652,,-151236624.63430795
NODE_0000336,0.8176605705489299,1.2226096023142272,,-152080450.64349976
NODE_0000339,0.8177778279555104,1.2227358688237029,,-151478882.88314757
NODE_0000340,0.7499849433442176,1.3331838174674746,,-150170119.53095356
NODE_0000343,0.737647097873297,1.3555052111858232,,-149374669.6462304
NODE_0000344,0.8177738126566927,1.2225311290995788,,-148829326.66782466
NODE_0000345,0.8177263518777206,1.222824945519443,,-151219789.18572617
NODE_0000346,0.7120707376837614,1.404221352686327,,-147934818.77143958
NODE_0000348,0.8177646031740278,1.2227389013536953,,-150770715.03276867
NODE_0000349,0.7499853597520529,1.333135017569265,,-149424726.20069626
NODE_0000350,0.817545540953995,1.2225315261537755,,-150684357.85531107
NODE_0000351,0.7499848824417527,1.3331511270818903,,-149380867.0817284
NODE_0000352,0.8176181014940423,1.2216762168226867,,-151962543.31391934
NODE_0000353,0.8177737294927243,1.2226196706021217,,-151418253.97627476
NODE_0000354,0.7250082691774906,1.3791761022335214,,-148629375.9658302
NODE_0000355,0.8177396231931743,1.2227755268854081,,-151114587.60998148
NODE_0000357,0.8177923460547168,1.222710610068521,,-150155502.33348253
NODE_0000358,0.7499825789637307,1.3331226305393762,,-149024367.7174584
NODE_0000359,0.8176623046555457,1.2220063499854426,,-151810887.63867173
NODE_0000360,0.8177906615475932,1.2227202375356319,,-150913670.44195855
NODE_0000361,0.7376451570094532,1.3555157666948499,,-149180732.3618378
NODE_0000362,0.8177264968291706,1.2225909378150555,,-151551377.8954162
NODE_0000363,0.8177361638242403,1.2226574415215314,,-151260744.25813562
NODE_0000364,0.8177814170435361,1.2226379947749684,,-150598111.37439683
NODE_0000365,0.8177576110722158,1.2228543035120027,,-150202112.3630963
NODE_0000367,0.8017711187760971,1.2023951708980456,,-152370318.84763792
NODE_0000369,0.8175367789786541,1.2225084607865946,,-152286664.95332187
NODE_0000370,0.7499806386696855,1.333139967932546,,-151268889.52825463
NODE_0000371,0.8177777391581629,1.2226047864110152,,-151770119.55190644
NODE_0000372,0.817692788048458,1.2224368964023593,,-151581171.03522918
NODE_0000373,0.8177896930425014,1.2226623156687575,,-150716040.2853406
NODE_0000374,0.8177902360338005,1.2227054350169768,,-149833208.72811225
NODE_0000377,0.7499878003120787,1.3332057039407412,,-150755058.31904337
NODE_0000378,0.7499821942615267,1.3331823271535097,,-149648363.020052
NODE_0000379,0.7499839875560171,1.333151466459513,,-151139677.5911988
NODE_0000380,0.7120707225319857,1.4042368669391407,,-147863886.0453639
NODE_0000381,0.8176134011955678,1.2213007232661914,,-147748704.39779752
NODE_0000382,0.8177861750069402,1.2226819355399012,,-150374010.55844936
NODE_0000384,0.749987144135895,1.3332007261933096,,-148841195.88657364
NODE_0000385,0.737646836784458,1.355487445380612,,-148328743.42906108
NODE_0000386,0.8176682239855867,1.22223537872003,,-152212619.0185689
NODE_0000387,0.8177926207404411,1.2226740151893476,,-151242626.88918298
NODE_0000388,0.7499858483045179,1.3331408097165116,,-149850170.19754237
NODE_0000389,0.8173740293279156,1.2184013901256827,,-149797277.2646092
NODE_0000390,0.8176185939238754,1.2215669623134935,,-149731969.8279677
NODE_0000391,0.8177939142436699,1.222650121965629,,-150217750.96693513
NODE_0000392,0.8177846665852636,1.2226591897694827,,-149488054.74627858
NODE_0000393,0.8176903170388387,1.2226095571160474,,-149302798.85363734
NODE_0000394,0.8177937290824073,1.2226491604173082,,-149201109.32841116
NODE_0000395,0.8177544790593396,1.2226071842388953,,-148825020.91181976
NODE_0000396,0.8177468715515323,1.222564735724813,,-148865952.85092214
NODE_0000397,0.749981951311153,1.3330875983677781,,-151120821.11308244
NODE_0000398,0.817783120412507,1.2226791269255801,,-150424649.48354784
NODE_0000399,0.8177657829355672,1.2225839785842236,,-149965184.95615077
NODE_0000400,0.8177368670228358,1.2227240348690072,,-150827629.6404544
NODE_0000401,0.7499876790002601,1.3331670099134727,,-149228273.12807393
NODE_0000403,0.8177550738029866,1.2226969006425388,,-150447915.83886155
NODE_0000404,0.8176675368173398,1.2222700751495053,,-150670656.0697167
NODE_0000405,0.7499867448544693,1.333133773590223,,-149184014.7814
NODE_0000407,0.8177747159968642,1.222666718705777,,-150113599.84258348
NODE_0000408,0.8177637899502962,1.222734866174851,,-150228474.7296707
NODE_0000409,0.7499848977761154,1.3330599553443454,,-148923660.40244654
NODE_0000411,0.817712013937165,1.2227052863196883,,-150004845.11476624
NODE_0000412,0.7376442539522178,1.3554259112687472,,-148403382.53118372
NODE_0000413,0.7376442650825317,1.3554606124436719,,-148401883.61438987
NODE_0000415,0.749982180475284,1.3330908760294573,,-151268612.5865767
NODE_0000416,0.817752456327648,1.222771800037401,,-150904352.388197
NODE_0000417,0.7499843016286464,1.3331201911297719,,-149649089.5338616
NODE_0000418,0.8177843147835641,1.2226908601691657,,-150546824.8987276
NODE_0000419,0.8177722145426024,1.222614442250582,,-150021040.78219947
NODE_0000420,0.817794480698841,1.2226148976106601,,-148970124.86369464
NODE_0000421,0.7250082734266837,1.3791235179792134,,-147230366.8668993
NODE_0000423,0.8177345003657018,1.2224900901056588,,-152089694.6867426
NODE_0000424,0.8177813390884409,1.2226473471675297,,-151428519.5552785
NODE_0000425,0.817769184651947,1.2226661683968092,,-150936211.36106092
NODE_0000426,0.8177598802200956,1.2228403327591564,,-151677901.01342818
NODE_0000427,0.8177650619076167,1.222754337750619,,-151224843.04074275
NODE_0000428,0.8176403696321984,1.2221755076618777,,-151092048.38725984
NODE_0000429,0.8177770609027992,1.2226621247242313,,-150502099.86851668
NODE_0000431,0.8177426776521386,1.2226618016591217,,-151361715.7801276
NODE_0000433,0.8177727211427438,1.2226041485626247,,-150829885.14616498
NODE_0000434,0.8177669854953734,1.2228280024938332,,-150359322.69875985
NODE_0000436,0.8177580900795303,1.2228215290706903,,-150962484.28951928
NODE_0000437,0.8177862078589152,1.2226482067538977,,-150595225.83705756
NODE_0000438,0.749981186470299,1.3331172089067391,,-149547814.69745997
NODE_0000439,0.8176633470239861,1.2228560616967488,,-149395128.50478533
NODE_0000441,0.8177462128719473,1.222676755036792,,-151345873.3718607
NODE_0000442,0.7376465072809419,1.3554679827520895,,-149370445.3510489
NODE_0000443,0.8177094573143985,1.2225151595145587,,-151127571.91817358
NODE_0000444,0.8177570203104028,1.2227215859242346,,-150735488.1672132
NODE_0000447,0.7250068182913028,1.3791285575203525,,-149391441.37650126
NODE_0000448,0.81771706384038,1.2223809409239426,,-151442944.23772004
NODE_0000449,0.8177738084198227,1.2225405178573923,,-150897655.03668207
NODE_0000450,0.8177824754564063,1.2226958044884124,,-150214574.22501922
NODE_0000451,0.8177476374149492,1.2227466080335665,,-150558785.6247384
NODE_0000452,0.8177472381253483,1.2227227427117071,,-150221862.1882881
NODE_0000453,0.8177847027178405,1.2226893132401788,,-149491343.87955162
NODE_0000454,0.8176879111365755,1.2230411463163977,,-151261147.60797006
NODE_0000457,0.8177575987388879,1.2226286340813015,,-150865231.134478
NODE_0000458,0.8177707469490573,1.2225838111885052,,-150356212.16854107
NODE_0000459,0.7499854671026475,1.333136295882815,,-149000280.68576306
NODE_0000460,0.8177120087947125,1.2223471553210696,,-150132593.5318328
NODE_0000461,0.8177933337188631,1.2225665578645233,,-149133098.64697623
NODE_0000463,0.8176981323144015,1.222427430489849,,-150667770.18376315
NODE_0000464,0.8177763917590164,1.2225532976867604,,-150087597.3150523
NODE_0000465,0.8173001336343856,1.2190692168796555,,-150042273.7945839
NODE_0000466,0.8177055218115538,1.2223048837586106,,-150654652.90319782
NODE_0000467,0.8176917377513845,1.222394650349958,,-150467291.7615712
NODE_0000468,0.8177965349566124,1.2225948268885027,,-149309714.34638536
NODE_0000469,0.8177292431668982,1.2224570164669903,,-150387000.13216466
NODE_0000470,0.8177886177369712,1.2225912674523305,,-149554908.33958063
NODE_0000471,0.8177603669281756,1.222442269169436,,-149139561.36872104
NODE_0000472,0.8177443703918201,1.2226899461205174,,-150063422.24230397
NODE_0000473,0.8177642074772113,1.2226669588869201,,-149617728.61931497
NODE_0000474,0.8177285469429646,1.2222874402609762,,-149352188.15449348
NODE_0000475,0.999000999000999,1.0,,-177894626.57126176
NODE_0000476,0.0,0.8583965992731076,,-131994583.716738
NODE_0000477,0.0,0.8929037657774735,,-131994583.716738
PHMAL211-10|Anthribus_nebulosus|Anthribidae|Canada|Ontario|BIOUG_PDH-home,0.0,1.1263745059930712,,-147230366.8668993
PMNHA330-14|Anthribidae|Anthribidae|Pakistan|Islamabad|BIOUG_RAWAL,0.8177833572366097,1.2225931953632292,,-148069334.41406283
SRAA00015,0.8177409492841248,1.2226333281961823,,-149862551.14538473
