#node	date	numeric date
NODE_0000008	-182165312-09-29	-182165311.255530
NODE_0000003	-177522752-07-31	-177522751.419635
BIOD01226	-173997976-01-01	-173997976.000000
BIOD04618	-173997976-01-01	-173997976.000000
NODE_0000002	-180482670-09-20	-180482669.279780
NODE_0000001	-178615252-12-16	-178615251.041189
BIOD01611	-173997976-01-01	-173997976.000000
NODE_0000000	-175499312-10-26	-175499311.181659
BIOD07230	-173997976-01-01	-173997976.000000
BIOD00137	-173997976-01-01	-173997976.000000
NODE_0000004	-163110603-09-29	-163110602.256320
BIOD03116	--	--
NODE_0000005	-146794413-08-26	-146794412.349031
NODE_0000006	--	--
GBDL02985	--	--
NODE_0000007	--	--
GBDL03003	--	--
GBDL03068	--	--
GBDL03035	--	--
NODE_0000010	--	--
GBDL02983	--	--
GBDL02936	--	--
GBDL02927	--	--
GBDL03063	--	--
GBDL02964	--	--
GBDL02889	--	--
NODE_0000015	-144580340-06-08	-144580339.567037
BIOD00535	--	--
NODE_0000016	-139619837-01-26	-139619836.930743
NODE_0000017	-135169529-09-25	-135169528.267058
BIOD02991	--	--
NODE_0000018	-134828481-06-13	-134828480.551156
BIOD02252	-131997976-01-01	-131997976.000000
BIOD02357	-131997976-01-01	-131997976.000000
NODE_0000019	-139325474-08-20	-139325473.364873
NODE_0000169	-139174143-11-05	-139174142.155951
NODE_0000170	-138970761-06-20	-138970760.533061
NODE_0000020	-138970761-06-20	-138970760.533061
GMHDL1110-13|Anthribidae|Anthribidae|Honduras|Cortes|BIOUG_CUSU-NP_2	-131997976-01-01	-131997976.000000
NODE_0000172	-137710351-03-13	-137710350.804715
BIOD08507	-131997976-01-01	-131997976.000000
NODE_0000173	-137260050-02-11	-137260049.885164
NODE_0000026	-137260050-02-11	-137260049.885164
GMMBX090-17|Anthribidae|Anthribidae|Malaysia|Selangor|	-131997976-01-01	-131997976.000000
NODE_0000175	-136633803-09-11	-136633802.306758
GMMGA271-14|Anthribidae|Anthribidae|Malaysia|Selangor|BIOUG_GOMBAK	-131997976-01-01	-131997976.000000
NODE_0000176	-136373974-01-10	-136373973.974614
BIOD01900	-131997976-01-01	-131997976.000000
NODE_0000177	-134204384-04-05	-134204383.741254
GMBCJ2982-15|Anthribidae|Anthribidae|Bangladesh|Chittagong|BIOUG_BANGLADESH	-131997976-01-01	-131997976.000000
GMMBD275-16|Anthribidae|Anthribidae|Malaysia|Selangor|	-131997976-01-01	-131997976.000000
NODE_0000178	-137056898-11-11	-137056897.138919
NODE_0000035	-137056898-11-11	-137056897.138919
GMMBO310-16|Anthribidae|Anthribidae|Malaysia|Selangor|	-131997976-01-01	-131997976.000000
NODE_0000180	-135913937-10-12	-135913936.219673
GMNGE134-16|Anthribidae|Anthribidae|Papua_New_Guinea|Madang|	-131997976-01-01	-131997976.000000
GMAQB023-17|Anthribidae|Anthribidae|Australia|Queensland|	-131997976-01-01	-131997976.000000
NODE_0000181	-136753394-11-22	-136753393.107125
NODE_0000040	-136753394-11-22	-136753393.107125
GMMGQ159-14|Anthribidae|Anthribidae|Malaysia|Selangor|BIOUG_GOMBAK	-131997976-01-01	-131997976.000000
GMNGR007-16|Anthribidae|Anthribidae|Papua_New_Guinea|Madang|	-131997976-01-01	-131997976.000000
NODE_0000183	-136608614-10-10	-136608613.226033
GMMGD2061-14|Anthribidae|Anthribidae|Malaysia|Selangor|BIOUG_GOMBAK	-131997976-01-01	-131997976.000000
NODE_0000184	-136467795-04-12	-136467794.721413
NODE_0000044	-136467795-04-12	-136467794.721413
GMTKG240-18|Anthribidae|Anthribidae|Thailand|Trang|	-131997976-01-01	-131997976.000000
GMAQT027-17|Anthribidae|Anthribidae|Australia|Queensland|	-131997976-01-01	-131997976.000000
NODE_0000186	-136265140-01-06	-136265139.985324
NODE_0000051	-136265140-01-06	-136265139.985324
GMMGQ173-14|Anthribidae|Anthribidae|Malaysia|Selangor|BIOUG_GOMBAK	-131997976-01-01	-131997976.000000
GMMGN2912-14|Anthribidae|Anthribidae|Malaysia|Selangor|BIOUG_GOMBAK	-131997976-01-01	-131997976.000000
NODE_0000188	-135305604-03-14	-135305603.800232
BIOD00507	-131997976-01-01	-131997976.000000
BIOD09840	-131997976-01-01	-131997976.000000
NODE_0000189	-138754932-08-01	-138754931.416733
NODE_0000078	-138754932-08-01	-138754931.416733
JIEEY057-16|Anthribidae|Anthribidae|Costa_Rica|Guanacaste|	-131997976-01-01	-131997976.000000
NODE_0000190	-137130418-07-29	-137130417.426904
JICDA062-16|Anthribidae|Anthribidae|Costa_Rica|Guanacaste|	-131997976-01-01	-131997976.000000
GMGAH029-17|Anthribidae|Anthribidae|Gabon|Moyen-Ogooue|	-131997976-01-01	-131997976.000000
NODE_0000192	-137600423-01-11	-137600422.970396
NODE_0000193	-136315366-07-18	-136315365.455046
GMMDM117-15|Anthribidae|Anthribidae|Madagascar|Toamasina|BIOUG_MADAGASACAR	-131997976-01-01	-131997976.000000
GMMDN2472-15|Anthribidae|Anthribidae|Madagascar|Toamasina|BIOUG_MADAGASACAR	-131997976-01-01	-131997976.000000
NODE_0000194	-137003281-10-06	-137003280.237372
NODE_0000195	-135867352-08-22	-135867351.361574
GMNGC128-16|Anthribidae|Anthribidae|Papua_New_Guinea|Madang|	-131997976-01-01	-131997976.000000
NODE_0000196	-135780737-05-24	-135780736.607230
GMAQD045-17|Anthribidae|Anthribidae|Australia|Queensland|	-131997976-01-01	-131997976.000000
GBDL00699	-131997976-01-01	-131997976.000000
NODE_0000197	-136590087-02-21	-136590086.857964
GMAQA088-17|Anthribidae|Anthribidae|Australia|Queensland|	-131997976-01-01	-131997976.000000
NODE_0000198	-136287450-06-12	-136287449.554351
NODE_0000199	-135027732-05-30	-135027731.589750
GMMBS362-17|Anthribidae|Anthribidae|Malaysia|Selangor|	-131997976-01-01	-131997976.000000
NODE_0000200	-134052462-11-03	-134052461.160922
PMNHA330-14|Anthribidae|Anthribidae|Pakistan|Islamabad|BIOUG_RAWAL	-131997976-01-01	-131997976.000000
BIOD08442	-131997976-01-01	-131997976.000000
NODE_0000201	-136046049-05-16	-136046048.628431
GMNGP142-16|Anthribidae|Anthribidae|Papua_New_Guinea|Madang|	-131997976-01-01	-131997976.000000
NODE_0000202	-135916833-04-05	-135916832.739750
NODE_0000091	-135916833-04-05	-135916832.739750
GMNGB146-16|Anthribidae|Anthribidae|Papua_New_Guinea|Madang|	-131997976-01-01	-131997976.000000
NODE_0000206	-132050650-12-08	-132050649.063296
GMMNR045-18|Araecerus_fasciculatus|Anthribidae|Malaysia|Negeri_Sembilan|	-131997976-01-01	-131997976.000000
GMBCC2707-15|Araecerus_fasciculatus|Anthribidae|Bangladesh|Chittagong|BIOUG_BANGLADESH	-131997976-01-01	-131997976.000000
NODE_0000203	-135433080-03-30	-135433079.757322
GMMBD256-16|Anthribidae|Anthribidae|Malaysia|Selangor|	-131997976-01-01	-131997976.000000
NODE_0000204	-134749118-10-23	-134749117.190225
GMNGG154-16|Anthribidae|Anthribidae|Papua_New_Guinea|Madang|	-131997976-01-01	-131997976.000000
GMNGB142-16|Anthribidae|Anthribidae|Papua_New_Guinea|Madang|	-131997976-01-01	-131997976.000000
NODE_0000207	-138636371-04-24	-138636370.688496
NODE_0000208	-137882391-06-06	-137882390.571908
GMMGT971-14|Anthribidae|Anthribidae|Malaysia|Selangor|BIOUG_GOMBAK	-131997976-01-01	-131997976.000000
NODE_0000209	-137023279-07-10	-137023278.478404
NODE_0000099	-137023279-07-10	-137023278.478404
GMKMT1016-15|Anthribidae|Anthribidae|Kenya|Laikipia|BIOUG_KENYA2	-131997976-01-01	-131997976.000000
NODE_0000210	-136582782-08-10	-136582781.392819
GMMGE376-14|Anthribidae|Anthribidae|Malaysia|Selangor|BIOUG_GOMBAK	-131997976-01-01	-131997976.000000
GMMGD1735-14|Anthribidae|Anthribidae|Malaysia|Selangor|BIOUG_GOMBAK	-131997976-01-01	-131997976.000000
NODE_0000212	-136644436-08-22	-136644435.360852
NODE_0000213	-135445635-04-11	-135445634.724896
GMMBY059-17|Anthribidae|Anthribidae|Malaysia|Selangor|	-131997976-01-01	-131997976.000000
NODE_0000214	-132125527-12-27	-132125526.011063
BIOD02040	-131997976-01-01	-131997976.000000
BIOD09235	-131997976-01-01	-131997976.000000
NODE_0000215	-136171645-12-13	-136171644.050277
GMMGN4435-14|Anthribidae|Anthribidae|Malaysia|Selangor|BIOUG_GOMBAK	-131997976-01-01	-131997976.000000
NODE_0000216	-135305970-12-10	-135305969.059592
GMMGL379-14|Anthribidae|Anthribidae|Malaysia|Selangor|BIOUG_GOMBAK	-131997976-01-01	-131997976.000000
NODE_0000217	-134775503-01-21	-134775502.944850
GMBUA1443-14|Rhaphitropis_marchicus|Anthribidae|Bulgaria|Sofiya|BIOUG_SOFIYA	-131997976-01-01	-131997976.000000
GMMBZ1742-17|Anthribidae|Anthribidae|Malaysia|Selangor|	-131997976-01-01	-131997976.000000
NODE_0000218	-138107655-08-20	-138107654.366551
NODE_0000219	-136339319-11-04	-136339318.157046
GMMGI699-14|Anthribidae|Anthribidae|Malaysia|Selangor|BIOUG_GOMBAK	-131997976-01-01	-131997976.000000
NODE_0000220	-135475390-03-17	-135475389.792166
GMAQA090-17|Anthribidae|Anthribidae|Australia|Queensland|	-131997976-01-01	-131997976.000000
GBDL01513	-131997976-01-01	-131997976.000000
NODE_0000221	-137987359-09-30	-137987358.252225
NODE_0000222	-137437342-11-03	-137437341.161235
NODE_0000118	-137437342-11-03	-137437341.161235
GMNGD071-16|Anthribidae|Anthribidae|Papua_New_Guinea|Madang|	-131997976-01-01	-131997976.000000
NODE_0000223	-136945590-04-08	-136945589.731809
GMGAG508-17|Anthribidae|Anthribidae|Gabon|Moyen-Ogooue|	-131997976-01-01	-131997976.000000
NODE_0000224	-136383153-06-22	-136383152.526214
GMAQQ029-17|Anthribidae|Anthribidae|Australia|Queensland|	-131997976-01-01	-131997976.000000
GMMDG917-15|Anthribidae|Anthribidae|Madagascar|Toamasina|BIOUG_MADAGASACAR	-131997976-01-01	-131997976.000000
NODE_0000226	-137046905-11-10	-137046904.141623
NODE_0000136	-137046905-11-10	-137046904.141623
GMNGU331-16|Anthribidae|Anthribidae|Papua_New_Guinea|Madang|	-131997976-01-01	-131997976.000000
NODE_0000227	-135031841-10-07	-135031840.233238
GMNGD056-16|Anthribidae|Anthribidae|Papua_New_Guinea|Madang|	-131997976-01-01	-131997976.000000
NODE_0000228	-132180743-09-09	-132180742.310879
GMMSD678-18|Anthribidae|Anthribidae|Malaysia|Perak|	-131997976-01-01	-131997976.000000
GMMGF490-14|Anthribidae|Anthribidae|Malaysia|Selangor|BIOUG_GOMBAK	-131997976-01-01	-131997976.000000
NODE_0000230	-136591516-03-14	-136591515.800135
NODE_0000231	-135734155-10-01	-135734154.251363
GMMGN1741-14|Anthribidae|Anthribidae|Malaysia|Selangor|BIOUG_GOMBAK	-131997976-01-01	-131997976.000000
GMAQB024-17|Anthribidae|Anthribidae|Australia|Queensland|	-131997976-01-01	-131997976.000000
NODE_0000232	-135456983-12-27	-135456982.011129
GMNGC126-16|Anthribidae|Anthribidae|Papua_New_Guinea|Madang|	-131997976-01-01	-131997976.000000
GMNGU349-16|Anthribidae|Anthribidae|Papua_New_Guinea|Madang|	-131997976-01-01	-131997976.000000
NODE_0000233	-137696620-09-05	-137696619.321694
NODE_0000146	-137696620-09-05	-137696619.321694
NODE_0000235	-137598852-10-29	-137598851.175300
JIFFM047-16|Anthribidae|Anthribidae|Costa_Rica|Guanacaste|	-131997976-01-01	-131997976.000000
NODE_0000236	-135947914-07-28	-135947913.428645
GMMDD2647-15|Anthribidae|Anthribidae|Madagascar|Toamasina|BIOUG_MADAGASACAR	-131997976-01-01	-131997976.000000
GMMGT2519-14|Anthribidae|Anthribidae|Malaysia|Selangor|BIOUG_GOMBAK	-131997976-01-01	-131997976.000000
NODE_0000237	-136752813-06-08	-136752812.564521
BIOD01110	-131997976-01-01	-131997976.000000
NODE_0000238	-136019436-11-09	-136019435.143931
NODE_0000154	-136019436-11-09	-136019435.143931
GMNGZ093-16|Anthribidae|Anthribidae|Papua_New_Guinea|Madang|	-131997976-01-01	-131997976.000000
NODE_0000239	-134598406-12-10	-134598405.058948
GMMBF173-16|Anthribidae|Anthribidae|Malaysia|Selangor|	-131997976-01-01	-131997976.000000
NODE_0000240	-134516224-09-29	-134516223.255637
BIOD01647	-131997976-01-01	-131997976.000000
GMMBS401-17|Anthribidae|Anthribidae|Malaysia|Selangor|	-131997976-01-01	-131997976.000000
NODE_0000242	-135596059-09-03	-135596058.328194
GMMBS380-17|Anthribidae|Anthribidae|Malaysia|Selangor|	-131997976-01-01	-131997976.000000
NODE_0000243	-135041299-07-29	-135041298.426828
GMGGC553-17|Anthribidae|Anthribidae|Gabon|Moyen-Ogooue|	-131997976-01-01	-131997976.000000
NODE_0000244	-132699930-07-13	-132699929.469863
GMGGX050-17|Anthribidae|Anthribidae|Gabon|Moyen-Ogooue|	-131997976-01-01	-131997976.000000
GMGGF596-17|Anthribidae|Anthribidae|Gabon|Moyen-Ogooue|	-131997976-01-01	-131997976.000000
NODE_0000245	-137554232-05-18	-137554231.622326
NODE_0000246	-136909016-09-17	-136909015.288566
GMAQL796-17|Anthribidae|Anthribidae|Australia|Queensland|	-131997976-01-01	-131997976.000000
NODE_0000247	-136648098-01-23	-136648097.938860
GMMBU097-17|Anthribidae|Anthribidae|Malaysia|Selangor|	-131997976-01-01	-131997976.000000
NODE_0000248	-135942841-01-13	-135942840.966749
NODE_0000249	-135458881-09-14	-135458880.295965
BIOD05453	-131997976-01-01	-131997976.000000
NODE_0000250	-134574096-11-17	-134574095.122594
GMCCV111-18|Anthribidae|Anthribidae|Costa_Rica|Guanacaste|	-131997976-01-01	-131997976.000000
JICCG485-16|Anthribidae|Anthribidae|Costa_Rica|Guanacaste|	-131997976-01-01	-131997976.000000
NODE_0000251	-134855602-06-13	-134855601.551566
JICAE136-16|Anthribidae|Anthribidae|Costa_Rica|Guanacaste|	-131997976-01-01	-131997976.000000
NODE_0000252	-132049378-05-23	-132049377.610093
CNRGE547-15|Anthribidae|Anthribidae|Canada|Ontario|BIOUG_ROUGE-NP	-131997976-01-01	-131997976.000000
GMFRG787-14|Anthribidae|Anthribidae|United_States|Virginia|BIOUG_FRONTROYAL	-131997976-01-01	-131997976.000000
NODE_0000253	-136968772-04-21	-136968771.696626
NODE_0000254	-135030457-03-10	-135030456.813606
GMMBY037-17|Anthribidae|Anthribidae|Malaysia|Selangor|	-131997976-01-01	-131997976.000000
GMMGD4514-14|Anthribidae|Anthribidae|Malaysia|Selangor|BIOUG_GOMBAK	-131997976-01-01	-131997976.000000
NODE_0000171	-136968772-04-21	-136968771.696626
NODE_0000256	-136579413-07-21	-136579412.447278
BIOD03628	-131997976-01-01	-131997976.000000
NODE_0000257	-135964729-11-02	-135964728.164190
GMAAD1053-16|Anthribidae|Anthribidae|Costa_Rica|Guanacaste|	-131997976-01-01	-131997976.000000
BIOD06744	-131997976-01-01	-131997976.000000
NODE_0000258	-136566266-12-31	-136566265.001578
NODE_0000260	-135908231-11-28	-135908230.091331
GMGAO516-17|Anthribidae|Anthribidae|Gabon|Moyen-Ogooue|	-131997976-01-01	-131997976.000000
NODE_0000261	-135126521-12-02	-135126520.082059
GMNGI116-16|Anthribidae|Anthribidae|Papua_New_Guinea|Madang|	-131997976-01-01	-131997976.000000
NODE_0000262	-132123756-04-01	-132123755.751898
GMMBX104-17|Anthribidae|Anthribidae|Malaysia|Selangor|	-131997976-01-01	-131997976.000000
GMMBZ1709-17|Anthribidae|Anthribidae|Malaysia|Selangor|	-131997976-01-01	-131997976.000000
NODE_0000179	-136566266-12-31	-136566265.001578
BIOD04479	-131997976-01-01	-131997976.000000
NODE_0000263	-135285064-12-24	-135285063.021056
NODE_0000264	-132909038-03-15	-132909037.799940
GMBUB1581-14|Choragus_sheppardi|Anthribidae|Bulgaria|Sofiya|BIOUG_SOFIYA	-131997976-01-01	-131997976.000000
CNRGC087-15|Choragus|Anthribidae|Canada|Ontario|BIOUG_ROUGE-NP	-131997976-01-01	-131997976.000000
NODE_0000265	-134972499-01-20	-134972498.946260
NODE_0000266	-134362748-01-01	-134362747.997357
GMNGJ140-16|Anthribidae|Anthribidae|Papua_New_Guinea|Madang|	-131997976-01-01	-131997976.000000
GMMDD3005-15|Anthribidae|Anthribidae|Madagascar|Toamasina|BIOUG_MADAGASACAR	-131997976-01-01	-131997976.000000
NODE_0000267	-132133039-02-16	-132133038.872205
GMGSF214-12|Anthribidae|Anthribidae|United_States|Tennessee|BIOUG_GSM-NP	-131997976-01-01	-131997976.000000
CNSLR035-13|Choragus_sayi|Anthribidae|Canada|Ontario|BIOUG_STLAW-NP	-131997976-01-01	-131997976.000000
NODE_0000185	-139325474-08-20	-139325473.364873
NODE_0000308	-138965245-06-28	-138965244.512166
NODE_0000367	-138955380-11-10	-138955379.141274
NODE_0000191	-138955380-11-10	-138955379.141274
NODE_0000369	-138702828-12-21	-138702827.028658
BIOD01396	-131997976-01-01	-131997976.000000
NODE_0000370	-135804764-05-05	-135804763.657670
GMNGF472-16|Anthribidae|Anthribidae|Papua_New_Guinea|Madang|	-131997976-01-01	-131997976.000000
GMGAB249-17|Anthribidae|Anthribidae|Gabon|Moyen-Ogooue|	-131997976-01-01	-131997976.000000
NODE_0000205	-138955380-11-10	-138955379.141274
NODE_0000371	-137587455-06-09	-137587454.564072
BIOD05811	-131997976-01-01	-131997976.000000
NODE_0000372	-137284486-09-19	-137284485.284455
GMMBU079-17|Anthribidae|Anthribidae|Malaysia|Selangor|	-131997976-01-01	-131997976.000000
NODE_0000373	-135910508-02-12	-135910507.882754
GMESO846-14|Anthribidae|Anthribidae|Egypt|Alexandria|BIOUG_ALEXAN_2	-131997976-01-01	-131997976.000000
NODE_0000374	-134662662-12-08	-134662661.064290
GMSAQ685-13|Anthribidae|Anthribidae|South_Africa|Gauteng|BIOUG_MAGAL	-131997976-01-01	-131997976.000000
GMGGL699-17|Anthribidae|Anthribidae|Gabon|Moyen-Ogooue|	-131997976-01-01	-131997976.000000
NODE_0000211	-138955380-11-10	-138955379.141274
NODE_0000377	-136451623-01-24	-136451622.936739
GMGAI003-17|Anthribidae|Anthribidae|Gabon|Moyen-Ogooue|	-131997976-01-01	-131997976.000000
NODE_0000378	-135050684-08-30	-135050683.337265
GMMBG005-16|Anthribidae|Anthribidae|Malaysia|Selangor|	-131997976-01-01	-131997976.000000
BIOD01626	-131997976-01-01	-131997976.000000
NODE_0000379	-136638142-06-09	-136638141.563370
NODE_0000380	-132111385-12-03	-132111384.078128
GMGBA038-17|Anthribidae|Anthribidae|Gabon|Moyen-Ogooue|	-131997976-01-01	-131997976.000000
NODE_0000381	-132010255-07-23	-132010254.442928
GMGAP029-17|Anthribidae|Anthribidae|Gabon|Moyen-Ogooue|	-131997976-01-01	-131997976.000000
GMGAO006-17|Anthribidae|Anthribidae|Gabon|Moyen-Ogooue|	-131997976-01-01	-131997976.000000
NODE_0000382	-134951752-08-11	-134951751.389471
GBDL01316	-131997976-01-01	-131997976.000000
NODE_0000383	-134347131-10-29	-134347130.173814
NODE_0000384	-132747954-12-26	-132747953.014271
GMGAQ025-17|Anthribidae|Anthribidae|Gabon|Moyen-Ogooue|	--	--
GMKMX1585-15|Anthribidae|Anthribidae|Kenya|Laikipia|BIOUG_KENYA2	-131997976-01-01	-131997976.000000
NODE_0000385	-132042653-05-26	-132042652.600198
GMMBE045-16|Anthribidae|Anthribidae|Malaysia|Selangor|	-131997976-01-01	-131997976.000000
BIOD08523	-131997976-01-01	-131997976.000000
NODE_0000386	-138715378-02-23	-138715377.852122
NODE_0000387	-137055163-02-11	-137055162.886431
NODE_0000388	-132245853-11-04	-132245852.157458
NODE_0000389	-132010255-07-23	-132010254.442928
GMFIL015-12|Platystomos_albinus|Anthribidae|Finland|Northern_Ostrobothnia|BIOUG_OULU	-131997976-01-01	-131997976.000000
GBDL00527	-131997976-01-01	-131997976.000000
NODE_0000390	-132050143-10-08	-132050142.230609
GMBMJ002-17|Anthribinae|Anthribidae|Belarus|Minskaya_Voblasts|	-131997976-01-01	-131997976.000000
GMGMH1558-14|Anthribus_albinus|Anthribidae|Germany|Rhineland-Palatinate|BIOUG_GERMANY	-131997976-01-01	-131997976.000000
NODE_0000391	-135790532-07-31	-135790531.420765
NODE_0000392	-134994766-01-14	-134994765.962422
GMAAN086-16|Anthribidae|Anthribidae|Costa_Rica|Guanacaste|	-131997976-01-01	-131997976.000000
NODE_0000393	-134741249-02-04	-134741248.904792
JICBD200-16|Anthribidae|Anthribidae|Costa_Rica|Guanacaste|	-131997976-01-01	-131997976.000000
GBDL00547	-131997976-01-01	-131997976.000000
NODE_0000394	-133263943-06-20	-133263942.533759
NODE_0000395	-132388891-07-13	-132388890.470370
GMCDT1097-17|Anthribidae|Anthribidae|Costa_Rica|Guanacaste|	-131997976-01-01	-131997976.000000
BIOD00763	-131997976-01-01	-131997976.000000
NODE_0000396	-132520346-01-06	-132520345.984961
GMACN048-15|Anthribidae|Anthribidae|Costa_Rica|Guanacaste|BIOUG_ACG	-131997976-01-01	-131997976.000000
BIOD03249	-131997976-01-01	-131997976.000000
NODE_0000397	-136394466-09-17	-136394465.288647
NODE_0000398	-134434084-12-25	-134434083.016835
GMGAK147-17|Anthribidae|Anthribidae|Gabon|Moyen-Ogooue|	-131997976-01-01	-131997976.000000
NODE_0000399	-132081660-04-04	-132081659.742514
GMGGB995-17|Anthribidae|Anthribidae|Gabon|Moyen-Ogooue|	-131997976-01-01	-131997976.000000
GMGGC048-17|Anthribidae|Anthribidae|Gabon|Moyen-Ogooue|	-131997976-01-01	-131997976.000000
NODE_0000400	-135969306-05-16	-135969305.627761
NODE_0000241	-135969306-05-16	-135969305.627761
NODE_0000403	-134735524-05-21	-134735523.614113
GMKMF540-15|Anthribidae|Anthribidae|Kenya|Laikipia|BIOUG_KENYA2	-131997976-01-01	-131997976.000000
GMMDN1444-15|Anthribidae|Anthribidae|Madagascar|Toamasina|BIOUG_MADAGASACAR	-131997976-01-01	-131997976.000000
NODE_0000401	-133362117-12-02	-133362116.081993
GMNGC085-16|Anthribidae|Anthribidae|Papua_New_Guinea|Madang|	-131997976-01-01	-131997976.000000
BIOD08713	-131997976-01-01	-131997976.000000
NODE_0000404	-135770387-11-22	-135770386.108762
NODE_0000255	-135770387-11-22	-135770386.108762
NODE_0000407	-134877008-12-24	-134877007.021599
GMGAQ011-17|Anthribidae|Anthribidae|Gabon|Moyen-Ogooue|	-131997976-01-01	-131997976.000000
GMKMX1580-15|Anthribidae|Anthribidae|Kenya|Laikipia|BIOUG_KENYA2	-131997976-01-01	-131997976.000000
NODE_0000405	-132049404-09-10	-132049403.307551
GMGGB027-17|Anthribidae|Anthribidae|Gabon|Moyen-Ogooue|	-131997976-01-01	-131997976.000000
BIOD04812	-131997976-01-01	-131997976.000000
NODE_0000408	-135163409-04-09	-135163408.729863
NODE_0000409	-132051193-10-12	-132051192.219939
GMGAH119-17|Anthribidae|Anthribidae|Gabon|Moyen-Ogooue|	-131997976-01-01	-131997976.000000
NODE_0000162	-132010255-07-23	-132010254.442928
BIOD04710	-131997976-01-01	-131997976.000000
BIOD08176	-131997976-01-01	-131997976.000000
NODE_0000411	-134857355-07-25	-134857354.437916
NODE_0000412	-132010255-07-23	-132010254.442928
GMBCC1766-15|Anthribidae|Anthribidae|Bangladesh|Chittagong|BIOUG_BANGLADESH	-131997976-01-01	-131997976.000000
GMMGK001-14|Anthribidae|Anthribidae|Malaysia|Selangor|BIOUG_GOMBAK	-131997976-01-01	-131997976.000000
NODE_0000413	-132132611-12-01	-132132610.083251
BIOD05980	-131997976-01-01	-131997976.000000
BIOD05613	-131997976-01-01	-131997976.000000
NODE_0000268	-138965245-06-28	-138965244.512166
NODE_0000334	-138765494-09-19	-138765493.283647
NODE_0000335	-135914148-07-31	-135914147.420688
GMNGL030-16|Anthribidae|Anthribidae|Papua_New_Guinea|Madang|	-131997976-01-01	-131997976.000000
GMMBG027-16|Anthribidae|Anthribidae|Malaysia|Selangor|	-131997976-01-01	-131997976.000000
NODE_0000336	-138590927-12-31	-138590926.002497
NODE_0000352	-138475848-05-09	-138475847.646643
NODE_0000353	-137680973-10-21	-137680972.195537
NODE_0000354	-133879323-05-16	-133879322.628508
GMMBS393-17|Anthribidae|Anthribidae|Malaysia|Selangor|	-131997976-01-01	-131997976.000000
GMMGT098-14|Anthribidae|Anthribidae|Malaysia|Selangor|BIOUG_GOMBAK	-131997976-01-01	-131997976.000000
NODE_0000355	-137069369-09-15	-137069368.294016
NODE_0000285	-137069369-09-15	-137069368.294016
GMMGL151-14|Anthribidae|Anthribidae|Malaysia|Selangor|BIOUG_GOMBAK	-131997976-01-01	-131997976.000000
GMMBL115-16|Anthribidae|Anthribidae|Malaysia|Selangor|	-131997976-01-01	-131997976.000000
NODE_0000357	-135708064-09-08	-135708063.313282
GMMGT1597-14|Anthribidae|Anthribidae|Malaysia|Selangor|BIOUG_GOMBAK	-131997976-01-01	-131997976.000000
NODE_0000358	-134137532-07-09	-134137531.480716
GMMGN1434-14|Anthribidae|Anthribidae|Malaysia|Selangor|BIOUG_GOMBAK	-131997976-01-01	-131997976.000000
GMMGB090-14|Anthribidae|Anthribidae|Malaysia|Selangor|BIOUG_GOMBAK	-131997976-01-01	-131997976.000000
NODE_0000359	-138297384-08-22	-138297383.360017
NODE_0000360	-137069458-04-02	-137069457.748515
GMMDF1278-15|Anthribidae|Anthribidae|Madagascar|Toamasina|BIOUG_MADAGASACAR	-131997976-01-01	-131997976.000000
NODE_0000361	-134958126-06-05	-134958125.574764
GMMGL404-14|Anthribidae|Anthribidae|Malaysia|Selangor|BIOUG_GOMBAK	-131997976-01-01	-131997976.000000
GMMGQ187-14|Anthribidae|Anthribidae|Malaysia|Selangor|BIOUG_GOMBAK	-131997976-01-01	-131997976.000000
NODE_0000362	-137861138-03-11	-137861137.810876
GMNZW157-14|Anthribidae|Anthribidae|New_Zealand|Waikato|BIOUG_NZ	-131997976-01-01	-131997976.000000
NODE_0000363	-137435101-12-09	-137435100.063005
GMAQE018-17|Anthribidae|Anthribidae|Australia|Queensland|	-131997976-01-01	-131997976.000000
NODE_0000364	-136486482-12-29	-136486481.006249
GMNGG142-16|Anthribidae|Anthribidae|Papua_New_Guinea|Madang|	-131997976-01-01	-131997976.000000
NODE_0000365	-135933759-09-25	-135933758.267184
GMAQL610-17|Anthribidae|Anthribidae|Australia|Queensland|	-131997976-01-01	-131997976.000000
GMBCB3737-15|Anthribidae|Anthribidae|Bangladesh|Chittagong|BIOUG_BANGLADESH	-131997976-01-01	-131997976.000000
NODE_0000309	-138590927-12-31	-138590926.002497
NODE_0000310	-138590927-12-31	-138590926.002497
GMCOO145-15|Anthribidae|Anthribidae|Costa_Rica|Guanacaste|BIOUG_ACG	-131997976-01-01	-131997976.000000
GMMDA501-15|Anthribidae|Anthribidae|Madagascar|Toamasina|BIOUG_MADAGASACAR	-131997976-01-01	-131997976.000000
NODE_0000339	-137581264-02-24	-137581263.849542
NODE_0000342	-137303908-08-03	-137303907.411648
BIOD07400	-131997976-01-01	-131997976.000000
NODE_0000343	-133459370-04-07	-133459369.735003
JICAC023-16|Anthribidae|Anthribidae|Costa_Rica|Guanacaste|	-131997976-01-01	-131997976.000000
NODE_0000344	-132047793-02-23	-132047792.852841
BIOD03963	-131997976-01-01	-131997976.000000
BIOD08747	-131997976-01-01	-131997976.000000
NODE_0000321	-137581264-02-24	-137581263.849542
NODE_0000340	-135122061-11-18	-135122060.119559
JCCCN1047-16|Anthribidae|Anthribidae|Costa_Rica|Guanacaste|	-131997976-01-01	-131997976.000000
BIOD05999	-131997976-01-01	-131997976.000000
NODE_0000345	-137146190-04-05	-137146189.740145
NODE_0000328	-137146190-04-05	-137146189.740145
BIOD06009	-131997976-01-01	-131997976.000000
NODE_0000346	-132010255-07-23	-132010254.442928
BIOD06889	-131997976-01-01	-131997976.000000
BIOD07387	-131997976-01-01	-131997976.000000
NODE_0000348	-136186965-11-25	-136186964.099827
NODE_0000349	-133678743-05-30	-133678742.591068
JIEEO083-16|Anthribidae|Anthribidae|Costa_Rica|Guanacaste|	-131997976-01-01	-131997976.000000
BIOD03631	-131997976-01-01	-131997976.000000
NODE_0000350	-135951018-02-28	-135951017.839525
JCCCN078-16|Anthribidae|Anthribidae|Costa_Rica|Guanacaste|	-131997976-01-01	-131997976.000000
NODE_0000351	-133807718-04-27	-133807717.682084
BIOD06188	-131997976-01-01	-131997976.000000
BIOD05737	-131997976-01-01	-131997976.000000
NODE_0000337	-138965245-06-28	-138965244.512166
NODE_0000338	-138965245-06-28	-138965244.512166
NODE_0000313	-137697611-11-17	-137697610.122656
GMAQF015-17|Anthribidae|Anthribidae|Australia|Queensland|	-131997976-01-01	-131997976.000000
NODE_0000314	-136300104-08-14	-136300103.382141
GMHDE261-13|Anthribidae|Anthribidae|Honduras|Cortes|BIOUG_CUSU-NP_2	-131997976-01-01	-131997976.000000
NODE_0000315	-136139145-01-27	-136139144.926619
NODE_0000316	-134541923-11-21	-134541922.111608
BIOD02843	-131997976-01-01	-131997976.000000
JICBI170-16|Anthribidae|Anthribidae|Costa_Rica|Guanacaste|	-131997976-01-01	-131997976.000000
NODE_0000317	-134889892-10-04	-134889891.241224
BIOD10016	-131997976-01-01	-131997976.000000
NODE_0000318	-134036589-04-04	-134036588.743383
JIAAI003-16|Anthribidae|Anthribidae|Costa_Rica|Guanacaste|	-131997976-01-01	-131997976.000000
BIOD04341	-131997976-01-01	-131997976.000000
NODE_0000347	-138965245-06-28	-138965244.512166
NODE_0000356	-138965245-06-28	-138965244.512166
NODE_0000312	-135479279-04-30	-135479278.671843
BIOD06712	-131997976-01-01	-131997976.000000
BIOD07929	-131997976-01-01	-131997976.000000
NODE_0000415	-136556148-11-16	-136556147.125310
NODE_0000416	-135049819-06-12	-135049818.555771
BIOD07157	-131997976-01-01	-131997976.000000
NODE_0000417	-132149684-10-04	-132149683.243158
BIOD09242	-131997976-01-01	-131997976.000000
BIOD04462	-131997976-01-01	-131997976.000000
NODE_0000418	-135664803-03-25	-135664802.770227
CNTIA1531-15|Trigonorhinus_sticticus|Anthribidae|Canada|Ontario|BIOUG_STLAW-NP	-131997976-01-01	-131997976.000000
NODE_0000419	-134880636-04-13	-134880635.719091
NODE_0000420	-132525289-12-12	-132525288.054033
CNGSF2639-15|Trigonorhinus_annulatus|Anthribidae|Canada|Saskatchewan|BIOUG_GRASS-NP	-131997976-01-01	-131997976.000000
MBIOD1079-13|Trigonorhinus_alternatus|Anthribidae|Canada|Ontario|BIOUG_BIOINST	-131997976-01-01	-131997976.000000
NODE_0000421	-132010255-07-23	-132010254.442928
GMBUA337-14|Anthribus_nebulosus|Anthribidae|Bulgaria|Sofiya|BIOUG_SOFIYA	-131997976-01-01	-131997976.000000
NODE_0000422	-132010255-07-23	-132010254.442928
PHMAL211-10|Anthribus_nebulosus|Anthribidae|Canada|Ontario|BIOUG_PDH-home	-131997976-01-01	-131997976.000000
GMBMJ1807-17|Anthribus_nebulosus|Anthribidae|Belarus|Minskaya_Voblasts|	-131997976-01-01	-131997976.000000
NODE_0000319	-137730157-08-17	-137730156.373851
NODE_0000320	--	--
NODE_0000368	--	--
GMGAB171-17|Anthribidae|Anthribidae|Gabon|Moyen-Ogooue|	--	--
GMGGM714-17|Anthribidae|Anthribidae|Gabon|Moyen-Ogooue|	--	--
NODE_0000322	--	--
BIOD03426	--	--
NODE_0000323	--	--
GMGBA061-17|Anthribidae|Anthribidae|Gabon|Moyen-Ogooue|	--	--
BIOD05257	--	--
NODE_0000324	-136716367-06-26	-136716366.516995
GMNGJ093-16|Anthribidae|Anthribidae|Papua_New_Guinea|Madang|	-131997976-01-01	-131997976.000000
NODE_0000325	-136511393-07-01	-136511392.502484
GMAQD041-17|Anthribidae|Anthribidae|Australia|Queensland|	-131997976-01-01	-131997976.000000
NODE_0000326	-135806602-11-17	-135806601.121527
NODE_0000375	-135806602-11-17	-135806601.121527
JICBO135-16|Anthribidae|Anthribidae|Costa_Rica|Guanacaste|	-131997976-01-01	-131997976.000000
NODE_0000327	-132010255-07-23	-132010254.442928
BIOD04024	-131997976-01-01	-131997976.000000
BIOD09846	-131997976-01-01	-131997976.000000
NODE_0000329	-135278490-05-17	-135278489.626983
NODE_0000333	-134031877-09-05	-134031876.321831
JIAAQ036-16|Anthribidae|Anthribidae|Costa_Rica|Guanacaste|	-131997976-01-01	-131997976.000000
JICCD785-16|Anthribidae|Anthribidae|Costa_Rica|Guanacaste|	-131997976-01-01	-131997976.000000
NODE_0000402	-135278490-05-17	-135278489.626983
NODE_0000330	-133630625-09-20	-133630624.281073
GMHMJ211-15|Anthribidae|Anthribidae|Honduras|Cortes|	-131997976-01-01	-131997976.000000
JIEEJ011-16|Anthribidae|Anthribidae|Costa_Rica|Guanacaste|	-131997976-01-01	-131997976.000000
NODE_0000332	-133484187-02-06	-133484186.900650
JICBG040-16|Anthribidae|Anthribidae|Costa_Rica|Guanacaste|	--	--
JICBD119-16|Anthribidae|Anthribidae|Costa_Rica|Guanacaste|	-131997976-01-01	-131997976.000000
NODE_0000423	-138428937-05-10	-138428936.646120
NODE_0000424	-137071644-11-29	-137071643.089929
BIOD03661	-131997976-01-01	-131997976.000000
NODE_0000425	-135975585-04-16	-135975584.711767
BIOD06312	-131997976-01-01	-131997976.000000
BIOD03431	-131997976-01-01	-131997976.000000
NODE_0000426	-137606378-10-09	-137606377.228825
NODE_0000446	-137591413-02-24	-137591412.850860
JIEEB024-16|Anthribidae|Anthribidae|Costa_Rica|Guanacaste|	-131997976-01-01	-131997976.000000
NODE_0000447	-132097128-11-17	-132097127.121951
BIOD04957	-131997976-01-01	-131997976.000000
BIOD10094	-131997976-01-01	-131997976.000000
NODE_0000414	-137606378-10-09	-137606377.228825
NODE_0000430	-137606378-10-09	-137606377.228825
NODE_0000432	-137606378-10-09	-137606377.228825
NODE_0000427	-136551724-03-31	-136551723.755228
GMCDU1304-17|Anthribidae|Anthribidae|Costa_Rica|Guanacaste|	-131997976-01-01	-131997976.000000
NODE_0000428	-136282762-11-05	-136282761.154963
JICCR535-16|Anthribidae|Anthribidae|Costa_Rica|Guanacaste|	-131997976-01-01	-131997976.000000
NODE_0000429	-135028656-10-19	-135028655.200987
GMMCR1120-15|Anthribidae|Anthribidae|Mexico|Jalisco|BIOUG_CHAMELA	-131997976-01-01	-131997976.000000
BIOD06919	-131997976-01-01	-131997976.000000
NODE_0000441	-136767369-06-01	-136767368.584521
NODE_0000442	-132010255-07-23	-132010254.442928
BIOD04759	-131997976-01-01	-131997976.000000
BIOD09435	-131997976-01-01	-131997976.000000
NODE_0000443	-136258136-05-11	-136258135.643022
JICDH020-16|Anthribidae|Anthribidae|Costa_Rica|Guanacaste|	-131997976-01-01	-131997976.000000
NODE_0000444	-135256760-12-29	-135256759.005566
JIEEC086-16|Anthribidae|Anthribidae|Costa_Rica|Guanacaste|	-131997976-01-01	-131997976.000000
BIOD00357	-131997976-01-01	-131997976.000000
NODE_0000431	-137024361-01-19	-137024360.949598
NODE_0000436	-136247405-06-17	-136247404.540812
JIAAO147-16|Anthribidae|Anthribidae|Costa_Rica|Guanacaste|	-131997976-01-01	-131997976.000000
BIOD05777	-131997976-01-01	-131997976.000000
NODE_0000445	-137024361-01-19	-137024360.949598
NODE_0000433	-136064237-03-14	-136064236.801015
CCCP00107	-131997976-01-01	-131997976.000000
NODE_0000434	-135275135-08-05	-135275134.406385
GMNZL649-14|Anthribidae|Anthribidae|New_Zealand|Waikato|BIOUG_NZ	-131997976-01-01	-131997976.000000
JICCB1240-16|Anthribidae|Anthribidae|Costa_Rica|Guanacaste|	-131997976-01-01	-131997976.000000
NODE_0000455	-137024361-01-19	-137024360.949598
JCCCF583-16|Anthribidae|Anthribidae|Costa_Rica|Guanacaste|	-131997976-01-01	-131997976.000000
NODE_0000437	-135688919-01-31	-135688918.916201
CNBPN569-13|Ormiscus_saltator|Anthribidae|Canada|Ontario|BIOUG_BRUCE-NP	-131997976-01-01	-131997976.000000
NODE_0000438	-135127061-01-11	-135127060.971325
GMACO089-15|Anthribidae|Anthribidae|Costa_Rica|Guanacaste|BIOUG_ACG	-131997976-01-01	-131997976.000000
NODE_0000439	-134890521-10-09	-134890520.229631
GMNGF113-16|Anthribidae|Anthribidae|Papua_New_Guinea|Madang|	-131997976-01-01	-131997976.000000
GBDL01457	-131997976-01-01	-131997976.000000
NODE_0000448	-137263975-05-08	-137263974.650451
NODE_0000449	-136628529-06-15	-136628528.547552
NODE_0000450	-135467476-01-28	-135467475.923684
GMMDN2587-15|Anthribidae|Anthribidae|Madagascar|Toamasina|BIOUG_MADAGASACAR	-131997976-01-01	-131997976.000000
GMMDN2556-15|Anthribidae|Anthribidae|Madagascar|Toamasina|BIOUG_MADAGASACAR	-131997976-01-01	-131997976.000000
NODE_0000451	-136186937-02-11	-136186936.886955
GMNZU289-14|Anthribidae|Anthribidae|New_Zealand|Waikato|BIOUG_NZ	-131997976-01-01	-131997976.000000
NODE_0000452	-135627999-10-02	-135627998.246754
GMPRI297-16|Anthribidae|Anthribidae|Puerto_Rico|Mayaguez|	-131997976-01-01	-131997976.000000
NODE_0000453	-133742195-03-05	-133742194.826660
GMCCS214-18|Anthribidae|Anthribidae|Costa_Rica|Guanacaste|	--	--
JIFFL237-16|Anthribidae|Anthribidae|Costa_Rica|Guanacaste|	-131997976-01-01	-131997976.000000
NODE_0000454	-136790104-08-31	-136790103.334735
NODE_0000456	-136617992-10-23	-136617991.190526
JCCCC1513-16|Anthribidae|Anthribidae|Costa_Rica|Guanacaste|	-131997976-01-01	-131997976.000000
JICCA1745-16|Anthribidae|Anthribidae|Costa_Rica|Guanacaste|	-131997976-01-01	-131997976.000000
NODE_0000475	-136790104-08-31	-136790103.334735
GMGGE331-17|Epicerastes|Anthribidae|Gabon|Moyen-Ogooue|	-131997976-01-01	-131997976.000000
NODE_0000457	-135670046-05-19	-135670045.619428
NODE_0000477	-135670046-05-19	-135670045.619428
NODE_0000463	-135139214-11-18	-135139213.118382
JCCCC1372-16|Anthribidae|Anthribidae|Costa_Rica|Guanacaste|	-131997976-01-01	-131997976.000000
NODE_0000464	-133896539-10-17	-133896538.207123
GMHJC017-14|Anthribidae|Anthribidae|Honduras|Cortes|	-131997976-01-01	-131997976.000000
NODE_0000465	-133824065-07-13	-133824064.469615
BIOD07943	-131997976-01-01	-131997976.000000
GMCRB141-13|Anthribidae|Anthribidae|Costa_Rica|Guanacaste|BIOUG_ACG	-131997976-01-01	-131997976.000000
NODE_0000458	-134622846-06-07	-134622845.569343
NODE_0000459	-132261559-07-31	-132261558.419385
JICBF133-16|Anthribidae|Anthribidae|Costa_Rica|Guanacaste|	-131997976-01-01	-131997976.000000
JICBH123-16|Anthribidae|Anthribidae|Costa_Rica|Guanacaste|	-131997976-01-01	-131997976.000000
NODE_0000460	-134035838-10-14	-134035837.215286
GMHKB151-15|Anthribidae|Anthribidae|Honduras|Cortes|	-131997976-01-01	-131997976.000000
NODE_0000461	-132010255-07-23	-132010254.442928
BIOD05107	-131997976-01-01	-131997976.000000
BIOD07644	-131997976-01-01	-131997976.000000
NODE_0000466	-135199091-10-03	-135199090.245498
NODE_0000467	-134796135-10-04	-134796134.242408
GMHDL1119-13|Anthribidae|Anthribidae|Honduras|Cortes|BIOUG_CUSU-NP_2	-131997976-01-01	-131997976.000000
NODE_0000468	-132010255-07-23	-132010254.442928
BIOD08984	-131997976-01-01	-131997976.000000
BIOD04042	-131997976-01-01	-131997976.000000
NODE_0000469	-134660740-09-28	-134660739.258533
NODE_0000470	-132488434-01-22	-132488433.940544
HPPPE1409-13|Anthribidae|Anthribidae|Canada|Nova_Scotia|BIOUG_HALIFAX	-131997976-01-01	-131997976.000000
NODE_0000471	-132010255-07-23	-132010254.442928
GMGSM654-13|Ormiscus_walshii|Anthribidae|United_States|Tennessee|BIOUG_GSM-NP	-131997976-01-01	-131997976.000000
GMCTB131-17|Ormiscus_walshii|Anthribidae|Canada|Ontario|	-131997976-01-01	-131997976.000000
NODE_0000472	-134124926-07-18	-134124925.454800
JIBBS046-16|Anthribidae|Anthribidae|Costa_Rica|Guanacaste|	-131997976-01-01	-131997976.000000
NODE_0000473	-132863522-10-24	-132863521.188311
GMHMI293-15|Anthribidae|Anthribidae|Honduras|Cortes|	-131997976-01-01	-131997976.000000
NODE_0000474	-132181547-04-28	-132181546.678978
GMHMT347-16|Anthribidae|Anthribidae|Honduras|Cortes|	-131997976-01-01	-131997976.000000
BIOD08366	-131997976-01-01	-131997976.000000
NODE_0000494	-139325474-08-20	-139325473.364873
NODE_0000495	-139324180-04-02	-139324179.748293
NODE_0000496	-139324180-04-02	-139324179.748293
NODE_0000023	-137684412-08-19	-137684411.368304
GMNGC125-16|Anthribidae|Anthribidae|Papua_New_Guinea|Madang|	-131997976-01-01	-131997976.000000
NODE_0000024	-137021808-02-15	-137021807.875690
GMNGY554-16|Anthribidae|Anthribidae|Papua_New_Guinea|Madang|	-131997976-01-01	-131997976.000000
NODE_0000025	-135146805-03-31	-135146804.754698
GMASE056-17|Anthribidae|Anthribidae|Australia|South_Australia|	-131997976-01-01	-131997976.000000
BIOD08076	-131997976-01-01	-131997976.000000
NODE_0000500	-139324180-04-02	-139324179.748293
NODE_0000027	-136893917-05-07	-136893916.654361
GMNZW159-14|Anthribidae|Anthribidae|New_Zealand|Waikato|BIOUG_NZ	-131997976-01-01	-131997976.000000
NODE_0000028	-132363652-05-12	-132363651.640514
CNROQ416-13|Euparius_paganus|Anthribidae|Canada|Ontario|BIOUG_ROUGE-NP	-131997976-01-01	-131997976.000000
SRAA00015	-131997976-01-01	-131997976.000000
NODE_0000503	-139315451-08-14	-139315450.381297
GBDL01308	-131997976-01-01	-131997976.000000
NODE_0000504	-139315451-08-14	-139315450.381297
BIOD05953	-131997976-01-01	-131997976.000000
GBDL01312	-131997976-01-01	-131997976.000000
NODE_0000505	-139324180-04-02	-139324179.748293
NODE_0000270	-138102714-02-24	-138102713.849341
NODE_0000507	-138102714-02-24	-138102713.849341
JIAAL032-16|Anthribidae|Anthribidae|Costa_Rica|Guanacaste|	-131997976-01-01	-131997976.000000
GMMGT112-14|Anthribidae|Anthribidae|Malaysia|Selangor|BIOUG_GOMBAK	-131997976-01-01	-131997976.000000
NODE_0000272	-135967056-05-01	-135967055.670411
NODE_0000509	-135967056-05-01	-135967055.670411
BIOD05618	-131997976-01-01	-131997976.000000
NODE_0000274	-132039843-05-23	-132039842.610942
GBDL00652	-131997976-01-01	-131997976.000000
NODE_0000311	-132010255-07-23	-132010254.442928
BIOD04486	-131997976-01-01	-131997976.000000
NODE_0000276	-132010255-07-23	-132010254.442928
BIOD03719	-131997976-01-01	-131997976.000000
BIOD08448	-131997976-01-01	-131997976.000000
NODE_0000277	-135957886-11-22	-135957885.108602
JIEEO081-16|Anthribidae|Anthribidae|Costa_Rica|Guanacaste|	-131997976-01-01	-131997976.000000
NODE_0000278	-135636907-06-09	-135636906.563550
NODE_0000279	-133092467-09-01	-133092466.331670
JIFFJ162-16|Anthribidae|Anthribidae|Costa_Rica|Guanacaste|	-131997976-01-01	-131997976.000000
BIOD07434	-131997976-01-01	-131997976.000000
NODE_0000280	-134895601-04-19	-134895600.704079
NODE_0000281	-133197845-02-26	-133197844.844783
JIAAN028-16|Anthribidae|Anthribidae|Costa_Rica|Guanacaste|	-131997976-01-01	-131997976.000000
JIFFO028-16|Anthribidae|Anthribidae|Costa_Rica|Guanacaste|	-131997976-01-01	-131997976.000000
NODE_0000282	-134070813-04-07	-134070812.735222
GBDL00852	-131997976-01-01	-131997976.000000
NODE_0000283	-132145103-05-24	-132145102.606810
JICCR145-16|Anthribidae|Anthribidae|Costa_Rica|Guanacaste|	-131997976-01-01	-131997976.000000
NODE_0000284	-132086050-06-09	-132086049.563206
BIOD05304	-131997976-01-01	-131997976.000000
NODE_0000520	-132010255-07-23	-132010254.442928
BIOD00434	-131997976-01-01	-131997976.000000
GBDL00740	-131997976-01-01	-131997976.000000
NODE_0000286	-138106020-10-07	-138106019.233488
NODE_0000522	-138106020-10-07	-138106019.233488
NODE_0000288	-135905270-06-26	-135905269.516389
GMSAR1595-13|Anthribidae|Anthribidae|South_Africa|Gauteng|BIOUG_MAGAL	-131997976-01-01	-131997976.000000
GMAQD074-17|Anthribidae|Anthribidae|Australia|Queensland|	-131997976-01-01	-131997976.000000
NODE_0000289	-136559175-12-20	-136559174.032580
GMMDF156-15|Anthribidae|Anthribidae|Madagascar|Toamasina|BIOUG_MADAGASACAR	-131997976-01-01	-131997976.000000
NODE_0000290	-135143848-08-03	-135143847.412220
GMGAT028-17|Anthribidae|Anthribidae|Gabon|Moyen-Ogooue|	-131997976-01-01	-131997976.000000
NODE_0000291	-132643370-06-20	-132643369.531737
GMGAE150-17|Anthribidae|Anthribidae|Gabon|Moyen-Ogooue|	-131997976-01-01	-131997976.000000
NODE_0000292	-132281293-11-16	-132281292.125254
BIOD03656	-131997976-01-01	-131997976.000000
NODE_0000528	-132010255-07-23	-132010254.442928
BIOD05449	-131997976-01-01	-131997976.000000
BIOD07329	-131997976-01-01	-131997976.000000
NODE_0000294	-137474199-11-21	-137474198.110215
NODE_0000295	-137078884-04-15	-137078883.713047
GMGAB164-17|Anthribidae|Anthribidae|Gabon|Moyen-Ogooue|	-131997976-01-01	-131997976.000000
NODE_0000296	-135839771-07-09	-135839770.480210
GMGAG005-17|Anthribidae|Anthribidae|Gabon|Moyen-Ogooue|	-131997976-01-01	-131997976.000000
NODE_0000297	-134123280-10-22	-134123279.193626
GMAQT022-17|Anthribidae|Anthribidae|Australia|Queensland|	-131997976-01-01	-131997976.000000
GMNGZ108-16|Anthribidae|Anthribidae|Papua_New_Guinea|Madang|	-131997976-01-01	-131997976.000000
NODE_0000298	-137390387-05-06	-137390386.656345
NODE_0000299	-136375644-01-06	-136375643.983593
NODE_0000300	-132687306-08-03	-132687305.412840
GMGAD200-17|Anthribidae|Anthribidae|Gabon|Moyen-Ogooue|	-131997976-01-01	-131997976.000000
GMGAM037-17|Anthribidae|Anthribidae|Gabon|Moyen-Ogooue|	-131997976-01-01	-131997976.000000
NODE_0000301	-135248281-07-31	-135248280.420225
GMGAH1218-17|Anthribidae|Anthribidae|Gabon|Moyen-Ogooue|	-131997976-01-01	-131997976.000000
BIOD08123	-131997976-01-01	-131997976.000000
NODE_0000302	-136452391-12-31	-136452390.000834
NODE_0000303	-133902372-12-01	-133902371.084676
GMGAD012-17|Anthribidae|Anthribidae|Gabon|Moyen-Ogooue|	-131997976-01-01	-131997976.000000
BIOD03592	-131997976-01-01	-131997976.000000
NODE_0000304	-135675529-05-19	-135675528.620952
NODE_0000305	-135041056-06-15	-135041055.546801
GMGAO585-17|Anthribidae|Anthribidae|Gabon|Moyen-Ogooue|	-131997976-01-01	-131997976.000000
GMGAC167-17|Anthribidae|Anthribidae|Gabon|Moyen-Ogooue|	-131997976-01-01	-131997976.000000
NODE_0000306	-135075276-03-09	-135075275.814217
GMGAC201-17|Anthribidae|Anthribidae|Gabon|Moyen-Ogooue|	-131997976-01-01	-131997976.000000
NODE_0000307	-134586736-09-04	-134586735.324385
GMGAH1259-17|Anthribidae|Anthribidae|Gabon|Moyen-Ogooue|	-131997976-01-01	-131997976.000000
BIOD07946	-131997976-01-01	-131997976.000000
NODE_0000030	-138750149-02-15	-138750148.875853
NODE_0000031	-138157969-10-25	-138157968.184033
NODE_0000545	-138157969-10-25	-138157968.184033
GMMGN1014-14|Anthribidae|Anthribidae|Malaysia|Selangor|BIOUG_GOMBAK	-131997976-01-01	-131997976.000000
NODE_0000032	-137712690-05-29	-137712689.592794
NODE_0000033	-137257895-08-31	-137257894.336082
NODE_0000548	-137257895-08-31	-137257894.336082
BIOD08478	-131997976-01-01	-131997976.000000
BIOD02088	-131997976-01-01	-131997976.000000
NODE_0000034	-135485916-09-10	-135485915.309190
GMMGQ183-14|Anthribidae|Anthribidae|Malaysia|Selangor|BIOUG_GOMBAK	-131997976-01-01	-131997976.000000
GMMBM113-16|Anthribidae|Anthribidae|Malaysia|Selangor|	-131997976-01-01	-131997976.000000
NODE_0000550	-137712690-05-29	-137712689.592794
NODE_0000037	-136755520-02-19	-136755519.863926
GMMGT105-14|Anthribidae|Anthribidae|Malaysia|Selangor|BIOUG_GOMBAK	-131997976-01-01	-131997976.000000
GBDL00313	-131997976-01-01	-131997976.000000
NODE_0000038	-136596368-01-19	-136596367.950558
GMMBX085-17|Anthribidae|Anthribidae|Malaysia|Selangor|	-131997976-01-01	-131997976.000000
NODE_0000039	-134899227-02-16	-134899226.871298
GMMBN154-16|Anthribidae|Anthribidae|Malaysia|Selangor|	-131997976-01-01	-131997976.000000
GBDL01258	-131997976-01-01	-131997976.000000
NODE_0000041	-137717791-07-24	-137717790.438422
BIOD01172	-131997976-01-01	-131997976.000000
NODE_0000042	-137581929-10-22	-137581928.193431
GMMGT069-14|Anthribidae|Anthribidae|Malaysia|Selangor|BIOUG_GOMBAK	-131997976-01-01	-131997976.000000
NODE_0000043	-136654077-07-24	-136654076.438492
NODE_0000557	-136654077-07-24	-136654076.438492
GMMGD1782-14|Anthribidae|Anthribidae|Malaysia|Selangor|BIOUG_GOMBAK	-131997976-01-01	-131997976.000000
NODE_0000045	-135305332-05-02	-135305331.667750
GMGSN257-13|Anthribidae|Anthribidae|United_States|Tennessee|BIOUG_GSM-NP	-131997976-01-01	-131997976.000000
GMBCG252-15|Anthribidae|Anthribidae|Bangladesh|Chittagong|BIOUG_BANGLADESH	-131997976-01-01	-131997976.000000
NODE_0000046	-135690172-07-27	-135690171.430292
NODE_0000047	-132404931-12-21	-132404930.030132
GMMNP043-18|Anthribidae|Anthribidae|Malaysia|Negeri_Sembilan|	-131997976-01-01	-131997976.000000
NODE_0000048	-132262093-06-21	-132262092.531165
GMMNP243-18|Anthribidae|Anthribidae|Malaysia|Negeri_Sembilan|	-131997976-01-01	-131997976.000000
GMBCD2768-15|Anthribidae|Anthribidae|Bangladesh|Chittagong|BIOUG_BANGLADESH	-131997976-01-01	-131997976.000000
NODE_0000049	-135459226-06-30	-135459225.505687
GMMBA208-16|Anthribidae|Anthribidae|Malaysia|Selangor|	-131997976-01-01	-131997976.000000
NODE_0000050	-132010255-07-23	-132010254.442928
BIOD09883	--	--
BIOD08960	-131997976-01-01	-131997976.000000
NODE_0000564	-138750149-02-15	-138750148.875853
NODE_0000565	-138750149-02-15	-138750148.875853
NODE_0000072	-138006966-06-15	-138006965.547491
NODE_0000073	-137290551-04-12	-137290550.722386
GMNGH529-16|Anthribidae|Anthribidae|Papua_New_Guinea|Madang|	-131997976-01-01	-131997976.000000
NODE_0000074	-135050834-05-04	-135050833.660639
GMNGY528-16|Anthribidae|Anthribidae|Papua_New_Guinea|Madang|	-131997976-01-01	-131997976.000000
NODE_0000075	-134094310-05-30	-134094309.590311
GMBMI227-17|Dissoleucas_niveirostris|Anthribidae|Belarus|Minskaya_Voblasts|	-131997976-01-01	-131997976.000000
GMMBR181-16|Anthribidae|Anthribidae|Malaysia|Selangor|	-131997976-01-01	-131997976.000000
NODE_0000076	-137244211-01-16	-137244210.956693
NODE_0000571	-137244211-01-16	-137244210.956693
NODE_0000077	-132010255-07-23	-132010254.442928
BIOD08643	-131997976-01-01	-131997976.000000
BIOD10088	-131997976-01-01	-131997976.000000
NODE_0000079	-135360267-03-10	-135360266.811917
GMMBM108-16|Anthribidae|Anthribidae|Malaysia|Selangor|	-131997976-01-01	-131997976.000000
GMMGF499-14|Anthribidae|Anthribidae|Malaysia|Selangor|BIOUG_GOMBAK	-131997976-01-01	-131997976.000000
NODE_0000080	-136599404-09-12	-136599403.302408
NODE_0000081	-135966305-08-06	-135966304.404359
NODE_0000083	-134051307-04-30	-134051306.672706
GMNGZ038-16|Anthribidae|Anthribidae|Papua_New_Guinea|Madang|	-131997976-01-01	-131997976.000000
GMNGY838-16|Anthribidae|Anthribidae|Papua_New_Guinea|Madang|	-131997976-01-01	-131997976.000000
NODE_0000577	-135966305-08-06	-135966304.404359
GMMGA316-14|Anthribidae|Anthribidae|Malaysia|Selangor|BIOUG_GOMBAK	-131997976-01-01	-131997976.000000
NODE_0000084	-133197627-06-11	-133197626.558103
BIOD08813	-131997976-01-01	-131997976.000000
NODE_0000085	-132068357-04-06	-132068356.737398
BIOD08757	-131997976-01-01	-131997976.000000
BIOD09050	-131997976-01-01	-131997976.000000
NODE_0000580	-136599404-09-12	-136599403.302408
GMMGD3834-14|Anthribidae|Anthribidae|Malaysia|Selangor|BIOUG_GOMBAK	-131997976-01-01	-131997976.000000
NODE_0000087	-135899507-11-08	-135899506.147543
NODE_0000088	-135792407-08-28	-135792406.344597
GMNGH501-16|Anthribidae|Anthribidae|Papua_New_Guinea|Madang|	-131997976-01-01	-131997976.000000
GMNGX057-16|Anthribidae|Anthribidae|Papua_New_Guinea|Madang|	-131997976-01-01	-131997976.000000
NODE_0000089	-135513518-11-07	-135513517.149142
GBDL01063	-131997976-01-01	-131997976.000000
NODE_0000090	-134405090-06-10	-134405089.560753
GMNGW026-16|Anthribidae|Anthribidae|Papua_New_Guinea|Madang|	-131997976-01-01	-131997976.000000
NODE_0000585	-134405090-06-10	-134405089.560753
GMNGO028-16|Anthribidae|Anthribidae|Papua_New_Guinea|Madang|	-131997976-01-01	-131997976.000000
GMNGW044-16|Anthribidae|Anthribidae|Papua_New_Guinea|Madang|	-131997976-01-01	-131997976.000000
NODE_0000586	-138750149-02-15	-138750148.875853
NODE_0000093	-137307772-06-30	-137307771.505815
NODE_0000094	-132149564-07-12	-132149563.471948
GMGAH030-17|Anthribidae|Anthribidae|Gabon|Moyen-Ogooue|	-131997976-01-01	-131997976.000000
BIOD06843	-131997976-01-01	-131997976.000000
NODE_0000589	-137307772-06-30	-137307771.505815
JCCCB482-16|Anthribidae|Anthribidae|Costa_Rica|Guanacaste|	-131997976-01-01	-131997976.000000
BIOD09232	-131997976-01-01	-131997976.000000
NODE_0000053	-137217500-08-03	-137217499.413018
GMMGT1598-14|Anthribidae|Anthribidae|Malaysia|Selangor|BIOUG_GOMBAK	-131997976-01-01	-131997976.000000
NODE_0000054	-136676075-03-09	-136676074.814628
NODE_0000055	-135049556-04-23	-135049555.692984
BIOD04543	-131997976-01-01	-131997976.000000
NODE_0000056	-133753119-03-22	-133753118.780422
NODE_0000057	-133087614-05-26	-133087613.600095
GMHMS1203-16|Anthribidae|Anthribidae|Honduras|Cortes|	-131997976-01-01	-131997976.000000
GMADV078-16|Anthribidae|Anthribidae|Costa_Rica|Guanacaste|	-131997976-01-01	-131997976.000000
NODE_0000058	-133298112-12-27	-133298111.011187
NODE_0000059	-133033280-12-15	-133033279.044486
GMHLJ195-15|Anthribidae|Anthribidae|Honduras|Cortes|	-131997976-01-01	-131997976.000000
GMHMK045-16|Anthribidae|Anthribidae|Honduras|Cortes|	-131997976-01-01	-131997976.000000
NODE_0000060	-133099646-09-20	-133099645.281343
GMHLF471-15|Anthribidae|Anthribidae|Honduras|Cortes|	-131997976-01-01	-131997976.000000
NODE_0000061	-132929955-09-23	-132929954.273625
GMPAC004-18|Anthribidae|Anthribidae|Panama|Panama|	-131997976-01-01	-131997976.000000
GMHDM025-13|Anthribidae|Anthribidae|Honduras|Cortes|BIOUG_CUSU-NP_2	-131997976-01-01	-131997976.000000
NODE_0000062	-136344776-04-17	-136344775.708641
NODE_0000063	-135477389-01-10	-135477388.973424
JCCCH008-16|Anthribidae|Anthribidae|Costa_Rica|Guanacaste|	-131997976-01-01	-131997976.000000
NODE_0000064	-134093570-05-07	-134093569.653999
GMHJO355-15|Anthribidae|Anthribidae|Honduras|Cortes|	-131997976-01-01	-131997976.000000
NODE_0000065	-133873072-02-01	-133873071.912732
GMHGL133-13|Anthribidae|Anthribidae|Honduras|Cortes|BIOUG_CUSU-NP_2	-131997976-01-01	-131997976.000000
NODE_0000066	-133596182-08-31	-133596181.334974
JIEES017-16|Anthribidae|Anthribidae|Costa_Rica|Guanacaste|	-131997976-01-01	-131997976.000000
GMCDP007-17|Anthribidae|Anthribidae|Costa_Rica|Guanacaste|	-131997976-01-01	-131997976.000000
NODE_0000067	-135623914-09-08	-135623913.313717
GMCHC089-14|Anthribidae|Anthribidae|China|Shaanxi|BIOUG_SHAANXI	-131997976-01-01	-131997976.000000
NODE_0000068	-134774613-04-23	-134774612.691905
NODE_0000069	-132214756-04-16	-132214755.709684
GMHGJ478-13|Anthribidae|Anthribidae|Honduras|Cortes|BIOUG_CUSU-NP_2	-131997976-01-01	-131997976.000000
JIAAJ082-16|Anthribidae|Anthribidae|Costa_Rica|Guanacaste|	-131997976-01-01	-131997976.000000
NODE_0000070	-132673148-04-27	-132673147.680049
GMHGE320-13|Anthribidae|Anthribidae|Honduras|Cortes|BIOUG_CUSU-NP_1	-131997976-01-01	-131997976.000000
NODE_0000071	-132448570-01-16	-132448569.957471
JICFF026-16|Anthribidae|Anthribidae|Costa_Rica|Guanacaste|	-131997976-01-01	-131997976.000000
BIOD00416	-131997976-01-01	-131997976.000000
NODE_0000096	-138323192-01-30	-138323191.919743
NODE_0000610	-138323192-01-30	-138323191.919743
GBDL00542	-131997976-01-01	-131997976.000000
NODE_0000098	-137305410-09-09	-137305409.311072
NODE_0000612	-137305410-09-09	-137305409.311072
JIEEW021-16|Anthribidae|Anthribidae|Costa_Rica|Guanacaste|	-131997976-01-01	-131997976.000000
GMNZO694-14|Anthribidae|Anthribidae|New_Zealand|Waikato|BIOUG_NZ	-131997976-01-01	-131997976.000000
NODE_0000100	-136467990-11-03	-136467989.161379
GMACB1597-15|Anthribidae|Anthribidae|Costa_Rica|Guanacaste|BIOUG_ACG	-131997976-01-01	-131997976.000000
NODE_0000101	-135667990-02-04	-135667989.904812
NODE_0000102	-134168396-11-15	-134168395.128043
GMCDF1848-16|Anthribidae|Anthribidae|Costa_Rica|Guanacaste|	--	--
GMCDH1113-16|Anthribidae|Anthribidae|Costa_Rica|Guanacaste|	-131997976-01-01	-131997976.000000
NODE_0000616	-135667990-02-04	-135667989.904812
GMCCW1515-18|Anthribidae|Anthribidae|Costa_Rica|Guanacaste|	-131997976-01-01	-131997976.000000
NODE_0000104	-133406524-06-06	-133406523.571707
JICEF035-16|Anthribidae|Anthribidae|Costa_Rica|Guanacaste|	-131997976-01-01	-131997976.000000
NODE_0000105	-132010255-07-23	-132010254.442928
GMGSE575-12|Anthribidae|Anthribidae|United_States|Tennessee|BIOUG_GSM-NP	-131997976-01-01	-131997976.000000
CNROF620-13|Anthribidae|Anthribidae|Canada|Ontario|BIOUG_ROUGE-NP	-131997976-01-01	-131997976.000000
NODE_0000106	-137727204-10-21	-137727203.194763
NODE_0000620	-137727204-10-21	-137727203.194763
NODE_0000108	-136391656-05-14	-136391655.633378
NODE_0000109	-132215336-06-26	-132215335.516366
GMBCA5730-15|Anthribidae|Anthribidae|Bangladesh|Chittagong|BIOUG_BANGLADESH	-131997976-01-01	-131997976.000000
NODE_0000623	-132112635-02-24	-132112634.850822
GMMBC072-16|Anthribidae|Anthribidae|Malaysia|Selangor|	-131997976-01-01	-131997976.000000
GMPMC980-18|Anthribidae|Anthribidae|Philippines|Northern_Mindanao|	-131997976-01-01	-131997976.000000
NODE_0000111	-135987317-01-09	-135987316.977541
NODE_0000112	-134241792-11-29	-134241791.088181
GMMGS065-14|Anthribidae|Anthribidae|Malaysia|Selangor|BIOUG_GOMBAK	-131997976-01-01	-131997976.000000
GMNGA026-16|Anthribidae|Anthribidae|Papua_New_Guinea|Madang|	-131997976-01-01	-131997976.000000
NODE_0000113	-134387933-11-14	-134387932.130105
GMMBS050-17|Anthribidae|Anthribidae|Malaysia|Selangor|	-131997976-01-01	-131997976.000000
NODE_0000114	-133966007-12-04	-133966006.073976
GMMGN1407-14|Anthribidae|Anthribidae|Malaysia|Selangor|BIOUG_GOMBAK	-131997976-01-01	-131997976.000000
GMMBC046-16|Anthribidae|Anthribidae|Malaysia|Selangor|	-131997976-01-01	-131997976.000000
NODE_0000115	-137306475-04-15	-137306474.714414
NODE_0000116	-136400837-09-21	-136400836.276784
NODE_0000117	-135682195-06-30	-135682194.504147
GMMGB088-14|Anthribidae|Anthribidae|Malaysia|Selangor|BIOUG_GOMBAK	-131997976-01-01	-131997976.000000
NODE_0000631	-135682195-06-30	-135682194.504147
GMPMI001-18|Anthribidae|Anthribidae|Philippines|Northern_Mindanao|	-131997976-01-01	-131997976.000000
GMGAI070-17|Anthribidae|Anthribidae|Gabon|Moyen-Ogooue|	-131997976-01-01	-131997976.000000
NODE_0000119	-135911751-05-09	-135911750.647110
GMBCD2781-15|Anthribidae|Anthribidae|Bangladesh|Chittagong|BIOUG_BANGLADESH	-131997976-01-01	-131997976.000000
NODE_0000120	-135079610-03-17	-135079609.791924
GMNGG627-16|Anthribidae|Anthribidae|Papua_New_Guinea|Madang|	-131997976-01-01	-131997976.000000
NODE_0000121	-133336219-09-30	-133336218.252475
GMNZW128-14|Anthribidae|Anthribidae|New_Zealand|Waikato|BIOUG_NZ	-131997976-01-01	-131997976.000000
NODE_0000122	-131997977-12-30	-131997976.003969
GMAQL613-17|Anthribidae|Anthribidae|Australia|Queensland|	-131997976-01-01	-131997976.000000
GMNZQ014-14|Anthribidae|Anthribidae|New_Zealand|Waikato|BIOUG_NZ	-131997976-01-01	-131997976.000000
NODE_0000123	-137273153-08-13	-137273152.386187
NODE_0000124	-134605620-09-22	-134605619.275145
GMMGD1773-14|Anthribidae|Anthribidae|Malaysia|Selangor|BIOUG_GOMBAK	-131997976-01-01	-131997976.000000
GMMGT1607-14|Anthribidae|Anthribidae|Malaysia|Selangor|BIOUG_GOMBAK	-131997976-01-01	-131997976.000000
NODE_0000125	-136689172-02-03	-136689171.907944
NODE_0000126	-134790428-04-17	-134790427.708470
GMMGL154-14|Anthribidae|Anthribidae|Malaysia|Selangor|BIOUG_GOMBAK	-131997976-01-01	-131997976.000000
GMMGB139-14|Anthribidae|Anthribidae|Malaysia|Selangor|BIOUG_GOMBAK	-131997976-01-01	-131997976.000000
NODE_0000127	-135939502-02-26	-135939501.845328
GMHMN917-16|Anthribidae|Anthribidae|Honduras|Cortes|	-131997976-01-01	-131997976.000000
NODE_0000128	-135034377-07-10	-135034376.477381
JCCCH166-16|Anthribidae|Anthribidae|Costa_Rica|Guanacaste|	-131997976-01-01	-131997976.000000
NODE_0000129	-134460114-07-03	-134460113.496595
JIEEM020-16|Anthribidae|Anthribidae|Costa_Rica|Guanacaste|	-131997976-01-01	-131997976.000000
NODE_0000130	-132985945-01-09	-132985944.977863
JCCCB040-16|Anthribidae|Anthribidae|Costa_Rica|Guanacaste|	-131997976-01-01	-131997976.000000
JICCY723-16|Anthribidae|Anthribidae|Costa_Rica|Guanacaste|	-131997976-01-01	-131997976.000000
NODE_0000131	-137522355-11-09	-137522354.143713
NODE_0000132	-136156114-05-26	-136156113.600166
NODE_0000137	-135637323-02-17	-135637322.871159
BIOD00690	-131997976-01-01	-131997976.000000
NODE_0000138	-134027753-11-06	-134027752.152241
GMMGT095-14|Anthribidae|Anthribidae|Malaysia|Selangor|BIOUG_GOMBAK	-131997976-01-01	-131997976.000000
NODE_0000139	-132084844-04-29	-132084843.676331
GMMGH064-14|Anthribidae|Anthribidae|Malaysia|Selangor|BIOUG_GOMBAK	-131997976-01-01	-131997976.000000
NODE_0000140	-132035132-09-12	-132035131.301701
GMTKD056-18|Anthribidae|Anthribidae|Thailand|Trang|	-131997976-01-01	-131997976.000000
GMMGR014-14|Anthribidae|Anthribidae|Malaysia|Selangor|BIOUG_GOMBAK	-131997976-01-01	-131997976.000000
NODE_0000650	-136156114-05-26	-136156113.600166
GMMGO025-14|Anthribidae|Anthribidae|Malaysia|Selangor|BIOUG_GOMBAK	-131997976-01-01	-131997976.000000
NODE_0000133	-135692462-05-21	-135692461.614903
GMMGP021-14|Anthribidae|Anthribidae|Malaysia|Selangor|BIOUG_GOMBAK	-131997976-01-01	-131997976.000000
NODE_0000134	-135472702-08-14	-135472701.381641
GMMGB082-14|Anthribidae|Anthribidae|Malaysia|Selangor|BIOUG_GOMBAK	-131997976-01-01	-131997976.000000
NODE_0000135	-134817703-09-01	-134817702.333439
GMMGO002-14|Anthribidae|Anthribidae|Malaysia|Selangor|BIOUG_GOMBAK	-131997976-01-01	-131997976.000000
GMMGT2823-14|Anthribidae|Anthribidae|Malaysia|Selangor|BIOUG_GOMBAK	-131997976-01-01	-131997976.000000
NODE_0000141	-137167976-02-26	-137167975.845380
GMMGJ082-14|Anthribidae|Anthribidae|Malaysia|Selangor|BIOUG_GOMBAK	-131997976-01-01	-131997976.000000
NODE_0000142	-136394758-10-24	-136394757.187478
GMMBX012-17|Anthribidae|Anthribidae|Malaysia|Selangor|	-131997976-01-01	-131997976.000000
NODE_0000143	-136031939-06-14	-136031938.550634
NODE_0000144	-135975637-03-05	-135975636.826748
GMGAQ007-17|Anthribidae|Anthribidae|Gabon|Moyen-Ogooue|	-131997976-01-01	-131997976.000000
NODE_0000658	-135975637-03-05	-135975636.826748
NODE_0000145	-134435765-03-25	-134435764.770240
GMMGH065-14|Anthribidae|Anthribidae|Malaysia|Selangor|BIOUG_GOMBAK	-131997976-01-01	-131997976.000000
GMNGW025-16|Anthribidae|Anthribidae|Papua_New_Guinea|Madang|	-131997976-01-01	-131997976.000000
NODE_0000147	-134517245-08-23	-134517244.358202
NODE_0000148	-132010255-07-23	-132010254.442928
CNRGA149-15|Eurymycter_tricarinatus|Anthribidae|Canada|Ontario|BIOUG_ROUGE-NP	-131997976-01-01	-131997976.000000
GMGSK109-12|Anthribidae|Anthribidae|United_States|Tennessee|BIOUG_GSM-NP	-131997976-01-01	-131997976.000000
NODE_0000149	-132010255-07-23	-132010254.442928
BIOD09013	-131997976-01-01	-131997976.000000
BIOD08529	-131997976-01-01	-131997976.000000
NODE_0000150	-135727054-09-18	-135727053.287087
NODE_0000151	-135504155-07-23	-135504154.442231
GMGAB093-17|Anthribidae|Anthribidae|Gabon|Moyen-Ogooue|	-131997976-01-01	-131997976.000000
NODE_0000152	-134541787-04-04	-134541786.744342
GMMGN1046-14|Anthribidae|Anthribidae|Malaysia|Selangor|BIOUG_GOMBAK	-131997976-01-01	-131997976.000000
NODE_0000153	-132038062-04-28	-132038061.678195
GMMNI468-18|Anthribidae|Anthribidae|Malaysia|Negeri_Sembilan|	-131997976-01-01	-131997976.000000
GMBCM4224-15|Anthribidae|Anthribidae|Bangladesh|Chittagong|BIOUG_BANGLADESH	-131997976-01-01	-131997976.000000
NODE_0000476	-132010255-07-23	-132010254.442928
GMBCF5659-15|Anthribidae|Anthribidae|Bangladesh|Chittagong|BIOUG_BANGLADESH	-131997976-01-01	-131997976.000000
BIOD09246	-131997976-01-01	-131997976.000000
NODE_0000156	-135276510-08-30	-135276509.337696
NODE_0000157	-132212527-03-01	-132212526.836433
GMGBA014-17|Anthribidae|Anthribidae|Gabon|Moyen-Ogooue|	--	--
GMMDF153-15|Anthribidae|Anthribidae|Madagascar|Toamasina|BIOUG_MADAGASACAR	-131997976-01-01	-131997976.000000
NODE_0000158	-134881300-08-07	-134881299.400490
NODE_0000159	-133840705-11-10	-133840704.141565
GMMDN1429-15|Anthribidae|Anthribidae|Madagascar|Toamasina|BIOUG_MADAGASACAR	-131997976-01-01	-131997976.000000
NODE_0000160	-132010255-07-23	-132010254.442928
MAMTP1860-13|Anthribidae|Anthribidae|Pakistan|Islamabad|BIOUG_RAWAL	-131997976-01-01	-131997976.000000
GMMDH142-15|Anthribidae|Anthribidae|Madagascar|Toamasina|BIOUG_MADAGASACAR	-131997976-01-01	-131997976.000000
NODE_0000161	-134572135-10-20	-134572134.199809
NODE_0000673	-134572135-10-20	-134572134.199809
GMMGB087-14|Anthribidae|Anthribidae|Malaysia|Selangor|BIOUG_GOMBAK	-131997976-01-01	-131997976.000000
NODE_0000163	-134041634-11-26	-134041633.097897
GMMGI922-14|Anthribidae|Anthribidae|Malaysia|Selangor|BIOUG_GOMBAK	-131997976-01-01	-131997976.000000
NODE_0000164	-133035912-10-02	-133035911.246702
GMBCN745-15|Anthribidae|Anthribidae|Bangladesh|Chittagong|BIOUG_BANGLADESH	-131997976-01-01	-131997976.000000
GMMGF006-14|Anthribidae|Anthribidae|Malaysia|Selangor|BIOUG_GOMBAK	-131997976-01-01	-131997976.000000
NODE_0000165	-134141309-05-28	-134141308.595643
NODE_0000166	-132913548-11-12	-132913547.136783
GMMGN1004-14|Anthribidae|Anthribidae|Malaysia|Selangor|BIOUG_GOMBAK	-131997976-01-01	-131997976.000000
GMMBG031-16|Anthribidae|Anthribidae|Malaysia|Selangor|	-131997976-01-01	-131997976.000000
NODE_0000167	-132010255-07-23	-132010254.442928
GMNGD007-16|Anthribidae|Anthribidae|Papua_New_Guinea|Madang|	-131997976-01-01	-131997976.000000
GMNGR649-16|Anthribidae|Anthribidae|Papua_New_Guinea|Madang|	-131997976-01-01	-131997976.000000
